Topic,Asset,Interval,Target param,RF_R2,RF_RMSE,Target_Std
China,X_BTCUSD,5m,Return,-0.17239798524290206,0.0021875043651319714,0.002020279218932121
China,X_BTCUSD,15m,Return,-0.023992155271463034,0.003025455093563847,0.002989801781703522
China,X_BTCUSD,30m,Return,-0.1452934059911477,0.0032071880870887955,0.002996857204145839
China,X_BTCUSD,1h,Return,-0.5804578018269215,0.005338680826227447,0.004246611240213802
China,X_BTCUSD,1d,Return,0.07342902350726188,0.03196205969888965,0.03320438280827655
China,CL,5m,Return,-0.08505621098636751,0.001014968127479873,0.0009743753441177018
China,CL,15m,Return,-0.028904636544552664,0.0031159081667308493,0.0030718293625546754
China,CL,30m,Return,-0.24111038227360426,0.002692005017373535,0.0024164102022020436
China,CL,1h,Return,-0.4154200747159389,0.004563811909988184,0.003836057090294669
China,CL,1d,Return,-0.02544277624689495,0.022468431510044743,0.02218794297160565
China,ES,5m,Return,-0.19728002261526623,0.001122026043452519,0.0010254277579306568
China,ES,15m,Return,-0.051235589685453276,0.0019489449499683522,0.001900857428710979
China,ES,30m,Return,-0.1524719905127936,0.0016572202211556381,0.001543707571506511
China,ES,1h,Return,-0.16180755464124563,0.002308180210176406,0.002141423750351954
China,ES,1d,Return,0.7473995262712698,0.0028879810287465537,0.00574615392755743
China,YM,5m,Return,-0.11297683364990752,0.0011616224561085732,0.0011010877645792466
China,YM,15m,Return,-0.08695269343266143,0.001980836793507806,0.0018999552532324847
China,YM,30m,Return,-0.4032216455809716,0.00160587784977563,0.001355655592964044
China,YM,1h,Return,-0.040335739383390745,0.001898992140602859,0.0018618144992431005
China,YM,1d,Return,0.617875125273708,0.004122006760528524,0.006668160507292878
China,ZN,5m,Return,0.02235953621472908,0.000267272216876887,0.0002703113190076832
China,ZN,15m,Return,-0.025592990548259253,0.000473072889430673,0.00046713298919241053
China,ZN,30m,Return,-0.6143787329756922,0.0005314861939545426,0.00041830135728945957
China,ZN,1h,Return,0.05449344889853902,0.0005055551761112304,0.0005199197200588977
China,ZN,1d,Return,-0.5045159949351057,0.002112778926540994,0.0017224858060491577
China,I_NDX,5m,Return,-0.1614350458162317,0.001194177369049506,0.0011080806558170387
China,I_NDX,15m,Return,-0.44450783371587854,0.0024489148949731654,0.002037575650279578
China,I_NDX,30m,Return,-0.38274770368183963,0.002903856802831366,0.0024694698224683033
China,I_NDX,1h,Return,-0.23161245375582218,0.0024940945368638863,0.0022473767065680134
China,I_NDX,1d,Return,-0.21087279287110117,0.012175654923272976,0.011064787315937833
China,X_BTCUSD,5m,Vol,-0.9097605331436527,0.0003492436319186281,0.00025271966601718345
China,X_BTCUSD,15m,Vol,-0.6286891416301816,0.00014076398382703277,0.00011029922197072352
China,X_BTCUSD,30m,Vol,-0.2306002902109041,7.112067340593928e-05,6.411170895000223e-05
China,X_BTCUSD,1h,Vol,-0.17306874062386424,4.389704936390534e-05,4.0529719506373424e-05
China,X_BTCUSD,1d,Vol,-0.317059927272727,1.008143661814695e-05,8.784552768749172e-06
China,CL,5m,Vol,-0.4418718027847104,0.0002690383630902584,0.00022405306405002385
China,CL,15m,Vol,-0.13060617507865468,0.00011319892313975428,0.00010646003849294048
China,CL,30m,Vol,-0.1660247442416376,8.335788967715395e-05,7.719564992502452e-05
China,CL,1h,Vol,-0.17032443668841246,0.00010177011500014558,9.407346239259302e-05
China,CL,1d,Vol,-0.1316102679551936,1.0254139582209154e-05,9.639417375907052e-06
China,ES,5m,Vol,0.061201767443189614,9.15624582301221e-05,9.449989202023851e-05
China,ES,15m,Vol,-0.0952954737228291,5.841234348516221e-05,5.581346483728507e-05
China,ES,30m,Vol,-0.05220145910398655,3.312318663500151e-05,3.229108678434787e-05
China,ES,1h,Vol,0.1596385382969192,1.8563395432948144e-05,2.0249968505896394e-05
China,ES,1d,Vol,0.8408695544554458,8.099426787477879e-07,2.0303814862217e-06
China,YM,5m,Vol,0.03612774183658363,7.556609675358011e-05,7.696924909418339e-05
China,YM,15m,Vol,0.1552494025905089,4.59488264267979e-05,4.999311177042088e-05
China,YM,30m,Vol,-0.14100710983580367,3.197663790063881e-05,2.993564526017198e-05
China,YM,1h,Vol,0.19440337872691715,1.7852740085808346e-05,1.989051666149536e-05
China,YM,1d,Vol,0.4643931182795694,1.1272532989528134e-06,1.5402756180605588e-06
China,ZN,5m,Vol,-0.5589539533754249,2.559450750230827e-05,2.0498880009226188e-05
China,ZN,15m,Vol,-19.718444159648485,2.942876326220416e-05,6.4653708639306426e-06
China,ZN,30m,Vol,-254.69021614310623,5.468098461596523e-05,3.419631201024521e-06
China,ZN,1h,Vol,-1855.5345204301034,0.0001360111774818524,3.156625684854908e-06
China,ZN,1d,Vol,-22442.44447692313,3.8582325061391254e-05,2.575393768188563e-07
China,I_NDX,5m,Vol,0.1480551162511491,0.00012049094014548504,0.00013054151345336042
China,I_NDX,15m,Vol,-0.024504764839663906,6.12256852029557e-05,6.048903594361341e-05
China,I_NDX,30m,Vol,-0.1338806080562267,3.9587394999635186e-05,3.717690746928249e-05
China,I_NDX,1h,Vol,0.13016738073062273,2.1719115839673177e-05,2.328757661264469e-05
China,I_NDX,1d,Vol,0.44502595064876693,6.144297588589179e-06,8.247757889516498e-06
China,X_BTCUSD,5m,Beta,-1.7444815861164922,2.368919589407635,1.4299477168417036
China,X_BTCUSD,15m,Beta,-3.8182694602468583,1.5509751712213997,0.706576685876667
China,X_BTCUSD,30m,Beta,-1.6194114282935046,1.3350450774006497,0.8248862620791322
China,X_BTCUSD,1h,Beta,-0.9092047912839396,1.0262322634691576,0.7427102309297444
China,X_BTCUSD,1d,Beta,-1.283622296427653,0.7965459980015801,0.5271069259239001
China,CL,5m,Beta,0.03561442745579879,3.3589052436864377,3.4203645773685336
China,CL,15m,Beta,-0.8044441392393993,1.5942218262825825,1.1867986119335874
China,CL,30m,Beta,-0.45343991835900166,1.5124516693785306,1.2545355245508296
China,CL,1h,Beta,-0.503608055856128,1.7723846228613078,1.445408657033663
China,CL,1d,Beta,-0.5969472639607707,1.1994159900481927,0.9491274785906565
China,ES,5m,Beta,1.0,0.0,0.0
China,ES,15m,Beta,1.0,0.0,0.0
China,ES,30m,Beta,1.0,0.0,0.0
China,ES,1h,Beta,1.0,0.0,0.0
China,ES,1d,Beta,1.0,0.0,0.0
China,YM,5m,Beta,-1.2264804555397002,0.5605002993462912,0.3756353063436092
China,YM,15m,Beta,-0.07310642170096426,0.1289951598900267,0.12452370051038886
China,YM,30m,Beta,-1.442355740237332,0.21541680295104038,0.13783995274343078
China,YM,1h,Beta,-1.1583933795765384,0.19202689586989669,0.13070637238819938
China,YM,1d,Beta,-1.4503307936315917,0.12079726743817935,0.07716933384093763
China,ZN,5m,Beta,-0.1695186893144811,0.6936754775540446,0.64143515515541
China,ZN,15m,Beta,-1.2746372204426817,0.33909649864042923,0.2248367167805974
China,ZN,30m,Beta,-0.6365044550746353,0.17049590128112277,0.13327704254589615
China,ZN,1h,Beta,-1.1288650001500025,0.16197933794493308,0.11101599572807018
China,ZN,1d,Beta,-0.7439303929095795,0.10491403684180513,0.07944544914940704
China,I_NDX,5m,Beta,-0.40323795356048464,0.5752149454446479,0.4855841475058096
China,I_NDX,15m,Beta,-1.313211853125805,0.17489370352031974,0.1149916934878519
China,I_NDX,30m,Beta,-0.7284137022675023,0.16389673616666503,0.12466554926674649
China,I_NDX,1h,Beta,-0.6168553750491219,0.1340768857499054,0.10544313907485485
China,I_NDX,1d,Beta,-3.7959007651853653,0.18461257926522884,0.084299732365639
Federal politics,X_BTCUSD,5m,Return,-0.02508186336570084,0.0017976117822784202,0.0017754834610571033
Federal politics,X_BTCUSD,15m,Return,0.009135413840941964,0.0035968312497649865,0.003613373950753893
Federal politics,X_BTCUSD,30m,Return,-0.05835498057556787,0.005212417600214921,0.005066680554045856
Federal politics,X_BTCUSD,1h,Return,-0.066630158928634,0.00650851046094234,0.00630194600210022
Federal politics,X_BTCUSD,1d,Return,0.24660521092177434,0.028614340336302373,0.03296646895645804
Federal politics,CL,5m,Return,0.0020246751033310417,0.003448350752091972,0.0034518469569554955
Federal politics,CL,15m,Return,-0.027386258638051997,0.006489730092624349,0.006402649951701574
Federal politics,CL,30m,Return,-0.07309020026522828,0.007871273855052215,0.00759848320894969
Federal politics,CL,1h,Return,-0.0815432673608174,0.01048480022450522,0.010081803088835191
Federal politics,CL,1d,Return,0.04994846085223015,0.06403811762776615,0.06569994025068414
Federal politics,ES,5m,Return,-0.03179536162106933,0.0008817977502821514,0.0008681048865893268
Federal politics,ES,15m,Return,-0.1950763077755815,0.00167316880143224,0.0015305303276915514
Federal politics,ES,30m,Return,-0.045703161479492715,0.0016240469289238453,0.001588160404281568
Federal politics,ES,1h,Return,-0.37408201314270295,0.0022526087828955584,0.0019216728119723317
Federal politics,ES,1d,Return,0.8743502164717865,0.004033981285392882,0.01138028155048079
Federal politics,YM,5m,Return,-0.07538375783759332,0.0009143411573107164,0.0008817115558246162
Federal politics,YM,15m,Return,-0.19697620222800083,0.0016571828016624073,0.0015147036066077118
Federal politics,YM,30m,Return,-0.03147928941600031,0.0016185933914967196,0.001593703427628519
Federal politics,YM,1h,Return,-0.33168412770914535,0.002316566445494922,0.0020074472855056437
Federal politics,YM,1d,Return,0.6859079435873914,0.006591413348591747,0.011761157630270646
Federal politics,ZN,5m,Return,-0.11444314214631834,0.0003296680999115225,0.0003122827297181153
Federal politics,ZN,15m,Return,-0.04101068383660755,0.0005359637771410153,0.0005253005381967235
Federal politics,ZN,30m,Return,-0.17125537611626918,0.0008441360332050788,0.0007799856999187182
Federal politics,ZN,1h,Return,-0.17736579104752193,0.0008912700676312696,0.0008213979505784491
Federal politics,ZN,1d,Return,-0.5188971917534155,0.0034074033658128213,0.0027647722288308245
Federal politics,I_NDX,5m,Return,-1.0661006212972892,0.0012351786996214538,0.0008593182980016858
Federal politics,I_NDX,15m,Return,-0.1759831642983425,0.002074664727443931,0.0019131427273358283
Federal politics,I_NDX,30m,Return,-0.23136736794098023,0.0027289335784386145,0.002459229982457844
Federal politics,I_NDX,1h,Return,-0.4643205164681936,0.0035923807007530676,0.0029686861130707133
Federal politics,I_NDX,1d,Return,0.7477740142118321,0.007181429021393114,0.014299338871994331
Federal politics,X_BTCUSD,5m,Vol,-0.35309484699648097,0.00028836793048668205,0.0002479036040357736
Federal politics,X_BTCUSD,15m,Vol,-0.21990238538940798,0.0001449031116558733,0.00013119436184151823
Federal politics,X_BTCUSD,30m,Vol,-0.22937729822030972,9.755081279764839e-05,8.798087922693835e-05
Federal politics,X_BTCUSD,1h,Vol,-0.2790023222007465,6.387930532772364e-05,5.648387953782975e-05
Federal politics,X_BTCUSD,1d,Vol,-0.3038536660015847,1.1462390569976774e-05,1.0038313999348205e-05
Federal politics,CL,5m,Vol,-0.28195750626111415,0.000503823783704573,0.0004449813920501743
Federal politics,CL,15m,Vol,-0.23521795847296123,0.00034794977270564205,0.00031307238271992516
Federal politics,CL,30m,Vol,-0.6339453071260637,0.00022719129092603707,0.00017773498488016877
Federal politics,CL,1h,Vol,-0.3259455016579713,0.00015347459467262772,0.00013328266193944589
Federal politics,CL,1d,Vol,-0.31413772294587194,2.3433347283114322e-05,2.0441553025457056e-05
Federal politics,ES,5m,Vol,0.0953944901112811,9.982267643915884e-05,0.00010495414514137449
Federal politics,ES,15m,Vol,0.2663983980775485,4.615074290782663e-05,5.3882602151805824e-05
Federal politics,ES,30m,Vol,0.23334653321897725,3.225573946713095e-05,3.683896759391224e-05
Federal politics,ES,1h,Vol,-0.6560336544595589,3.0449549375037666e-05,2.3661718899870402e-05
Federal politics,ES,1d,Vol,0.8631924658419066,7.639501650772451e-07,2.0654278156990935e-06
Federal politics,YM,5m,Vol,0.05959135661333603,0.00012654085923117353,0.00013048857035996946
Federal politics,YM,15m,Vol,0.12463462053249041,6.245739466181636e-05,6.675582707699274e-05
Federal politics,YM,30m,Vol,0.1198651068497596,4.29079554304931e-05,4.573652888701277e-05
Federal politics,YM,1h,Vol,-1.302839159310123,4.113734148737507e-05,2.710843330773745e-05
Federal politics,YM,1d,Vol,0.09564783765876794,4.59804508939047e-06,4.835088582174756e-06
Federal politics,ZN,5m,Vol,-0.09074169729027037,4.419356127162926e-05,4.231536019654908e-05
Federal politics,ZN,15m,Vol,-0.4545608095201419,2.793210383586128e-05,2.315995476296883e-05
Federal politics,ZN,30m,Vol,-0.30176727330912567,3.8490003617177845e-05,3.3735043722536545e-05
Federal politics,ZN,1h,Vol,-5.6278891350891795,4.7939704252588656e-05,1.8621202922251485e-05
Federal politics,ZN,1d,Vol,-1.6335757822007522,3.6574884835449484e-05,2.2537724063758564e-05
Federal politics,I_NDX,5m,Vol,-0.2701686435238202,0.00020893600201326754,0.00018538841296643365
Federal politics,I_NDX,15m,Vol,-0.439773613197044,8.577756739968362e-05,7.148692572636498e-05
Federal politics,I_NDX,30m,Vol,-0.7107259382568631,4.900401172736068e-05,3.746635251342935e-05
Federal politics,I_NDX,1h,Vol,-0.8138659037231761,2.724378101725644e-05,2.0228551813258366e-05
Federal politics,I_NDX,1d,Vol,0.43131867129395196,1.2216367667316288e-05,1.6199723805157227e-05
Federal politics,X_BTCUSD,5m,Beta,-0.040536032723912596,5.031422371969544,4.932444582312996
Federal politics,X_BTCUSD,15m,Beta,-0.4465803140551372,1.554783215572451,1.2927024392479436
Federal politics,X_BTCUSD,30m,Beta,-0.731512168247743,1.2877496838063132,0.9786303447477682
Federal politics,X_BTCUSD,1h,Beta,-0.39729792475265024,1.2328845786307314,1.042984641550228
Federal politics,X_BTCUSD,1d,Beta,-0.4710676383334118,0.5321607377609052,0.43875947565361473
Federal politics,CL,5m,Beta,-0.31590798231271844,5.922440447303322,5.162831387796012
Federal politics,CL,15m,Beta,-0.39253377579821547,3.0933340466456567,2.6213436103749794
Federal politics,CL,30m,Beta,-0.5450374302972851,2.1780542911431247,1.75226262758574
Federal politics,CL,1h,Beta,-0.5752353705533162,2.2764641167391955,1.8137945038340222
Federal politics,CL,1d,Beta,-0.9142214458872393,2.1324604511034218,1.5412919021920948
Federal politics,ES,5m,Beta,1.0,0.0,0.0
Federal politics,ES,15m,Beta,1.0,0.0,0.0
Federal politics,ES,30m,Beta,1.0,0.0,0.0
Federal politics,ES,1h,Beta,1.0,0.0,0.0
Federal politics,ES,1d,Beta,1.0,0.0,0.0
Federal politics,YM,5m,Beta,-0.15878089683144658,0.5140180027863828,0.47750471727441507
Federal politics,YM,15m,Beta,-0.0585231781891804,0.24225728890014311,0.23546516527894362
Federal politics,YM,30m,Beta,-0.06142368106599605,0.1894549614034268,0.183891475109985
Federal politics,YM,1h,Beta,-0.13441036117075567,0.1769453510232998,0.16613229494191403
Federal politics,YM,1d,Beta,-0.2643467723123387,0.11751254347580012,0.10450838205394755
Federal politics,ZN,5m,Beta,-0.14245654811167974,0.6602202292597493,0.6176877399925383
Federal politics,ZN,15m,Beta,-0.4608887588281019,0.3065290950730715,0.253608105291595
Federal politics,ZN,30m,Beta,-0.737769536202215,0.2961705973861388,0.22467039638705005
Federal politics,ZN,1h,Beta,-0.05310283203707988,0.7198181407702683,0.7014349430869348
Federal politics,ZN,1d,Beta,-0.29640689480985305,0.16813513778301845,0.1476684845863654
Federal politics,I_NDX,5m,Beta,-0.24388521076374503,0.5819573432442792,0.5217963062279833
Federal politics,I_NDX,15m,Beta,-0.408189804287312,0.22664305325821513,0.19099052144203973
Federal politics,I_NDX,30m,Beta,-0.7443641101428218,0.17298682802740153,0.13097682665705476
Federal politics,I_NDX,1h,Beta,-1.0396093154816648,0.15654820722539167,0.10961616529315175
Federal politics,I_NDX,1d,Beta,-1.7188844438481357,0.1560057089185405,0.09461175889891402
Iran war/Oil,X_BTCUSD,5m,Return,-0.21478144831573798,0.001251158432614632,0.0011351760816295732
Iran war/Oil,X_BTCUSD,15m,Return,-0.10957591016461654,0.0020241156383527907,0.0019215726583643059
Iran war/Oil,X_BTCUSD,30m,Return,-0.18339970210583667,0.0025597395767242904,0.0023530440390730867
Iran war/Oil,X_BTCUSD,1h,Return,-0.4791705387357106,0.00398412642679706,0.0032758498477466484
Iran war/Oil,X_BTCUSD,1d,Return,-0.1569920792298627,0.013764183869156623,0.01279632532123218
Iran war/Oil,CL,5m,Return,-0.6166242832498283,0.0025046141103333822,0.001969864138618831
Iran war/Oil,CL,15m,Return,0.0500646619990488,0.008090549104356935,0.008301010747595858
Iran war/Oil,CL,30m,Return,-0.03009870704662898,0.005755755115707399,0.005671042306058683
Iran war/Oil,CL,1h,Return,-0.09933232404305303,0.012661322775547159,0.012075763015242234
Iran war/Oil,CL,1d,Return,-0.0622768372858753,0.028833820468292047,0.0279758527931895
Iran war/Oil,ES,5m,Return,-0.3237377136801476,0.0003365449120464077,0.0002925109026955463
Iran war/Oil,ES,15m,Return,-0.04167148852552116,0.0011098780243780381,0.0010874514176868189
Iran war/Oil,ES,30m,Return,-0.030877773169740497,0.0009304996896233707,0.0009164581646575949
Iran war/Oil,ES,1h,Return,-0.6145595721612465,0.0015473698658656854,0.0012177751234436944
Iran war/Oil,ES,1d,Return,0.7028683585469704,0.0016774159047177296,0.0030772749777248985
Iran war/Oil,YM,5m,Return,0.061820475021017174,0.00029464868507005684,0.0003042016266502921
Iran war/Oil,YM,15m,Return,-0.050586323308651426,0.0011063573051796262,0.0010793928487074387
Iran war/Oil,YM,30m,Return,-0.17030739791189853,0.0009323613394161289,0.0008618551516412248
Iran war/Oil,YM,1h,Return,-0.12450785036291068,0.0015744540283573892,0.0014847342896571955
Iran war/Oil,YM,1d,Return,-0.1461854586736786,0.004509638197736764,0.004212251108148801
Iran war/Oil,ZN,5m,Return,-0.17755335748045087,0.00015844052743042874,0.00014600777469117961
Iran war/Oil,ZN,15m,Return,-0.10971739092508148,0.00036622391273940884,0.0003476486139797558
Iran war/Oil,ZN,30m,Return,0.04542257686390183,0.0003535769560333901,0.0003618914922388444
Iran war/Oil,ZN,1h,Return,-0.053364888361785434,0.0008712121001163778,0.0008488568930247587
Iran war/Oil,ZN,1d,Return,-1.213453571743624,0.0017555327403899594,0.0011799774966593014
Iran war/Oil,I_NDX,5m,Return,-1.6238152822918357,0.0007780919536032756,0.0004803571899627066
Iran war/Oil,I_NDX,15m,Return,-1.0640445184371665,0.0016329924864269974,0.0011366445042313227
Iran war/Oil,I_NDX,30m,Return,-0.4628340750487505,0.001517366912320618,0.0012545647346726653
Iran war/Oil,I_NDX,1h,Return,-3.1049646724728417,0.003041120486692097,0.001500993857260084
Iran war/Oil,I_NDX,1d,Return,0.1161513290604328,0.005575226425622986,0.0059302575267090925
Iran war/Oil,X_BTCUSD,5m,Vol,-0.007189171785741966,0.00016681998989848227,0.0001662235551005641
Iran war/Oil,X_BTCUSD,15m,Vol,-0.11871820364405172,6.469053836577689e-05,6.116182178548801e-05
Iran war/Oil,X_BTCUSD,30m,Vol,-0.11479515361494563,4.8173920779227036e-05,4.5626216625263016e-05
Iran war/Oil,X_BTCUSD,1h,Vol,-0.394939104376717,2.7232261967965356e-05,2.3057174783235268e-05
Iran war/Oil,X_BTCUSD,1d,Vol,-2.6647191429640733,3.7822640867107133e-06,1.975747771080764e-06
Iran war/Oil,CL,5m,Vol,-0.6925610095745538,0.00038505752352996174,0.00029597392191601314
Iran war/Oil,CL,15m,Vol,-0.5709352565316814,0.00022798517982298527,0.00018189781123656096
Iran war/Oil,CL,30m,Vol,-0.30801860002280224,0.0001662981858232618,0.0001454054054054054
Iran war/Oil,CL,1h,Vol,-0.682996706283939,0.00016696399461350135,0.0001287007843483943
Iran war/Oil,CL,1d,Vol,-0.8598264591890343,2.4696334994532313e-05,1.8109076214540788e-05
Iran war/Oil,ES,5m,Vol,-0.012457417308723073,4.578630687549824e-05,4.550375449074324e-05
Iran war/Oil,ES,15m,Vol,0.09747608710288236,3.311658639706989e-05,3.485910281319405e-05
Iran war/Oil,ES,30m,Vol,0.08150501335349325,3.0815564643931555e-05,3.2153757702711434e-05
Iran war/Oil,ES,1h,Vol,-0.03167030483170641,1.5994360577099364e-05,1.5746948873710858e-05
Iran war/Oil,ES,1d,Vol,0.754126578560942,4.945869147240089e-07,9.974401128241046e-07
Iran war/Oil,YM,5m,Vol,0.32322476656163535,3.9940948336939305e-05,4.855077241225057e-05
Iran war/Oil,YM,15m,Vol,0.2135164713853378,2.7884400511610282e-05,3.144245848790026e-05
Iran war/Oil,YM,30m,Vol,0.11916847787846807,2.724921541146718e-05,2.9034047165590478e-05
Iran war/Oil,YM,1h,Vol,0.19738041640544401,1.3188601651180216e-05,1.4721222437886786e-05
Iran war/Oil,YM,1d,Vol,0.21802900763358068,6.70046388067398e-07,7.577213929122261e-07
Iran war/Oil,ZN,5m,Vol,-0.31304190446572044,1.5106949358454843e-05,1.3183705107086585e-05
Iran war/Oil,ZN,15m,Vol,-22.90446775967972,3.3804877706578916e-05,6.914166442130344e-06
Iran war/Oil,ZN,30m,Vol,-20.52530028712815,2.2688143349526192e-05,4.8901744035964075e-06
Iran war/Oil,ZN,1h,Vol,-346.6627749963369,5.887673222332653e-05,3.157654444742682e-06
Iran war/Oil,ZN,1d,Vol,-2073.8536409482776,1.8751499471573798e-05,4.116634111277787e-07
Iran war/Oil,I_NDX,5m,Vol,0.01180012619414772,8.5168268405805e-05,8.567525790673148e-05
Iran war/Oil,I_NDX,15m,Vol,-0.09165064756546148,2.732386052617847e-05,2.6151717816946742e-05
Iran war/Oil,I_NDX,30m,Vol,-0.5257953854912667,1.9286083765944486e-05,1.56133429854687e-05
Iran war/Oil,I_NDX,1h,Vol,0.06981890328246854,7.86714911102714e-06,8.157059439515006e-06
Iran war/Oil,I_NDX,1d,Vol,-0.7931020620515947,7.4252465606528074e-06,5.545087125959133e-06
Iran war/Oil,X_BTCUSD,5m,Beta,-0.2617524454519815,2.880787226501941,2.5646263798662177
Iran war/Oil,X_BTCUSD,15m,Beta,-0.45187896802504435,1.5668571644054923,1.3003617931484535
Iran war/Oil,X_BTCUSD,30m,Beta,-0.35331912407994803,1.0233814285400826,0.8797057324978934
Iran war/Oil,X_BTCUSD,1h,Beta,-1.0171154820501318,0.996499572446514,0.7016357921189359
Iran war/Oil,X_BTCUSD,1d,Beta,-5.014206714251968,0.42847485628352344,0.17471740319673806
Iran war/Oil,CL,5m,Beta,-0.9702841287484629,6.3303040844198835,4.509829705750621
Iran war/Oil,CL,15m,Beta,-1.1273563226237209,4.841918864740688,3.31968891733299
Iran war/Oil,CL,30m,Beta,-4.010230262435748,3.8014985925618996,1.6983452898867937
Iran war/Oil,CL,1h,Beta,-7.020334647204468,4.199883375890999,1.4829994369153927
Iran war/Oil,CL,1d,Beta,-59.27958155825556,2.902250797260188,0.37380906133997066
Iran war/Oil,ES,5m,Beta,1.0,0.0,0.0
Iran war/Oil,ES,15m,Beta,1.0,0.0,0.0
Iran war/Oil,ES,30m,Beta,1.0,0.0,0.0
Iran war/Oil,ES,1h,Beta,1.0,0.0,0.0
Iran war/Oil,ES,1d,Beta,1.0,0.0,0.0
Iran war/Oil,YM,5m,Beta,-1.0346545955747977,0.5666304543335899,0.3972414566379726
Iran war/Oil,YM,15m,Beta,-0.5185924438136218,0.26149927164741565,0.21220219225395268
Iran war/Oil,YM,30m,Beta,-1.8215796881443151,0.2036087062689266,0.12121327469100797
Iran war/Oil,YM,1h,Beta,-2.3253386202966273,0.21185010218832048,0.1161744806590073
Iran war/Oil,YM,1d,Beta,-1.0500847497490056,0.0650123508220561,0.04540565685765316
Iran war/Oil,ZN,5m,Beta,0.0192391833539588,0.6642433955161252,0.6707268494742472
Iran war/Oil,ZN,15m,Beta,-0.5267280136924359,0.3054263809314145,0.24718704678601255
Iran war/Oil,ZN,30m,Beta,-4.542898380760416,0.4843961224298098,0.2057463785252221
Iran war/Oil,ZN,1h,Beta,-2.542544266568302,0.2632729033540961,0.1398777120224084
Iran war/Oil,ZN,1d,Beta,-26.041773240972773,0.22837325128202668,0.04391649297494516
Iran war/Oil,I_NDX,5m,Beta,-0.21065792721767762,0.5571444840933726,0.5063573404972281
Iran war/Oil,I_NDX,15m,Beta,-0.5507021311320781,0.24741198103424653,0.1986810904060118
Iran war/Oil,I_NDX,30m,Beta,-0.3892381369387323,0.15771168891657025,0.1338059833714581
Iran war/Oil,I_NDX,1h,Beta,-7.969984027623161,0.16528792503911216,0.055188080979357075
Iran war/Oil,I_NDX,1d,Beta,-4.030361729574221,0.10393766625838734,0.04634184851954989
National security/Immigration,X_BTCUSD,5m,Return,-0.12057045943297795,0.0025523624108446186,0.0024111418180124914
National security/Immigration,X_BTCUSD,15m,Return,-0.2750309618090099,0.004035852568944162,0.00357416771402912
National security/Immigration,X_BTCUSD,30m,Return,-0.16065824931082018,0.005820497580658558,0.005402663662622908
National security/Immigration,X_BTCUSD,1h,Return,-0.11103953237217912,0.007200439032388928,0.006831156286700797
National security/Immigration,X_BTCUSD,1d,Return,-0.0042041588222987425,0.024037020972301957,0.023986652009225926
National security/Immigration,CL,5m,Return,-0.012580483483121574,0.001953127627601705,0.0019409567001450433
National security/Immigration,CL,15m,Return,0.018915892456217276,0.004736058806712198,0.004781497862344524
National security/Immigration,CL,30m,Return,0.0003146594894869459,0.005806184950819457,0.00580709865204993
National security/Immigration,CL,1h,Return,-0.07844058165645595,0.008642147219299727,0.008321920244151746
National security/Immigration,CL,1d,Return,-0.24059628118399856,0.042651613419616846,0.03829307362541452
National security/Immigration,ES,5m,Return,-0.6012523577251019,0.0006081830808969957,0.0004806228818649863
National security/Immigration,ES,15m,Return,-0.2996459874406463,0.0014304491187400743,0.0012547577285862033
National security/Immigration,ES,30m,Return,-0.08220449676061126,0.0016217503702445385,0.0015589397779665487
National security/Immigration,ES,1h,Return,-0.13738724492401255,0.0025265014687798635,0.002369001732044164
National security/Immigration,ES,1d,Return,0.748317254827854,0.003676085769083105,0.007327552091132286
National security/Immigration,YM,5m,Return,-0.41254114818812804,0.0004958120042297259,0.00041717327939718997
National security/Immigration,YM,15m,Return,-0.23626668075409896,0.0013179535319989514,0.001185342936445202
National security/Immigration,YM,30m,Return,-0.11972927595934002,0.001512499319283828,0.0014293502805596636
National security/Immigration,YM,1h,Return,-0.0777868065844336,0.0024363139386919938,0.00234674995608458
National security/Immigration,YM,1d,Return,0.44959954791278234,0.005510328840750563,0.00742742245164752
National security/Immigration,ZN,5m,Return,-0.32133771495016616,0.00023085080500691443,0.00020082809917623955
National security/Immigration,ZN,15m,Return,-0.18232107576498557,0.00042441028578713176,0.00039031764524799804
National security/Immigration,ZN,30m,Return,-0.13567790186572726,0.0007960501262597005,0.0007469866287558723
National security/Immigration,ZN,1h,Return,-0.4685852065715188,0.0006968160914115001,0.0005750009955312499
National security/Immigration,ZN,1d,Return,-0.3020350034079029,0.0022751887821394964,0.001993912554447905
National security/Immigration,I_NDX,5m,Return,-0.4860386345103269,0.0009978025335423922,0.0008185204834344223
National security/Immigration,I_NDX,15m,Return,-0.2697357513743228,0.0021665029536264984,0.0019226605327563946
National security/Immigration,I_NDX,30m,Return,-0.16910520441076593,0.0028261199836415824,0.002613748514938572
National security/Immigration,I_NDX,1h,Return,-0.06270254012395315,0.003977466957442088,0.0038583420057126385
National security/Immigration,I_NDX,1d,Return,0.4275544168721682,0.0075039538797391425,0.009917975970858837
National security/Immigration,X_BTCUSD,5m,Vol,-0.1021982463179365,0.0002592048613774482,0.000246895562646811
National security/Immigration,X_BTCUSD,15m,Vol,-0.10935250252404316,0.00012114473048576272,0.00011501904156722094
National security/Immigration,X_BTCUSD,30m,Vol,-0.010227465784459211,8.568987881220898e-05,8.525501648656776e-05
National security/Immigration,X_BTCUSD,1h,Vol,0.039657545866895405,5.932391936235029e-05,6.053642525169796e-05
National security/Immigration,X_BTCUSD,1d,Vol,-0.10599539372642663,1.0121493876788758e-05,9.624273531754668e-06
National security/Immigration,CL,5m,Vol,-0.4241081779198981,0.0004702996551170237,0.00039409703738484163
National security/Immigration,CL,15m,Vol,-0.2385365679981586,0.00022958835287892888,0.00020629819847816714
National security/Immigration,CL,30m,Vol,-1.5214300413588493,0.00022227019757445492,0.00013997735217446627
National security/Immigration,CL,1h,Vol,-0.3562695987853479,0.00017378212705275166,0.0001492217383858027
National security/Immigration,CL,1d,Vol,-0.1988551696653318,3.0968498665167284e-05,2.828373707109984e-05
National security/Immigration,ES,5m,Vol,-1.6017532637494387,9.859093703762764e-05,6.112289844526669e-05
National security/Immigration,ES,15m,Vol,-0.4440619874044862,3.603983934776576e-05,2.999092966850424e-05
National security/Immigration,ES,30m,Vol,0.08290475578747047,3.380463577676885e-05,3.5299539544841986e-05
National security/Immigration,ES,1h,Vol,0.0737858597089277,1.9424310908120242e-05,2.0183195054488145e-05
National security/Immigration,ES,1d,Vol,0.8473619403281554,1.1421270749435676e-06,2.9233647679206236e-06
National security/Immigration,YM,5m,Vol,-1.1452831222486117,0.00010455366721287,7.138335605696637e-05
National security/Immigration,YM,15m,Vol,-0.033076592481784184,4.832382802840798e-05,4.754392908032264e-05
National security/Immigration,YM,30m,Vol,0.09314343975963868,3.53957451163332e-05,3.716907554070285e-05
National security/Immigration,YM,1h,Vol,0.12067479572199291,2.108946406812774e-05,2.249006873020538e-05
National security/Immigration,YM,1d,Vol,0.20116736664058898,5.407111845582474e-06,6.049750358687914e-06
National security/Immigration,ZN,5m,Vol,-0.29302720751397193,2.964692350656734e-05,2.6072087272053872e-05
National security/Immigration,ZN,15m,Vol,-1.4891131393166916,2.248933676401121e-05,1.4254576830466175e-05
National security/Immigration,ZN,30m,Vol,-0.6696257381060233,4.258210492183856e-05,3.295471500841191e-05
National security/Immigration,ZN,1h,Vol,-13.036284240907747,5.834953175804397e-05,1.5574399052282768e-05
National security/Immigration,ZN,1d,Vol,-5.051303182484948,4.786868790676108e-05,1.9459293445635427e-05
National security/Immigration,I_NDX,5m,Vol,-0.269956142235962,0.00015196571221614993,0.00013485009239762094
National security/Immigration,I_NDX,15m,Vol,-0.31833429820365633,6.474554133174288e-05,5.638935030237329e-05
National security/Immigration,I_NDX,30m,Vol,-0.5672790750244034,4.3450178549201024e-05,3.4707105647626266e-05
National security/Immigration,I_NDX,1h,Vol,-0.4907928533658983,2.503320641476546e-05,2.0502547622947638e-05
National security/Immigration,I_NDX,1d,Vol,0.1371734329038664,1.1184151495793102e-05,1.2040410304795748e-05
National security/Immigration,X_BTCUSD,5m,Beta,0.013668203202947038,5.113329037668285,5.148636404126819
National security/Immigration,X_BTCUSD,15m,Beta,-0.22977786411150425,1.8478043277293603,1.6662595217191343
National security/Immigration,X_BTCUSD,30m,Beta,-0.568998958695347,1.2303874952385256,0.9822693230663072
National security/Immigration,X_BTCUSD,1h,Beta,-0.42142005517314596,1.0639985060845918,0.8924415849397546
National security/Immigration,X_BTCUSD,1d,Beta,-0.4346215206450834,0.5318567883173831,0.44404403051316216
National security/Immigration,CL,5m,Beta,-0.5714288508309147,4.955377057682741,3.953023031052049
National security/Immigration,CL,15m,Beta,-0.2851335397349981,3.036174895626834,2.67825951184485
National security/Immigration,CL,30m,Beta,-0.43725973334284296,1.9900284009091673,1.659937152313452
National security/Immigration,CL,1h,Beta,-0.35296765388561546,2.123072468520602,1.8252447655051105
National security/Immigration,CL,1d,Beta,-0.5352189923908794,1.6636969493713296,1.3427311154005281
National security/Immigration,ES,5m,Beta,1.0,0.0,0.0
National security/Immigration,ES,15m,Beta,1.0,0.0,0.0
National security/Immigration,ES,30m,Beta,1.0,0.0,0.0
National security/Immigration,ES,1h,Beta,1.0,0.0,0.0
National security/Immigration,ES,1d,Beta,1.0,0.0,0.0
National security/Immigration,YM,5m,Beta,-0.3610000398697901,0.5613149929977028,0.4811467688524205
National security/Immigration,YM,15m,Beta,-0.16990937456744093,0.2800143549222599,0.2588833891437461
National security/Immigration,YM,30m,Beta,-0.20227359331951922,0.15675751496642396,0.1429640082598252
National security/Immigration,YM,1h,Beta,-0.1538756702034605,0.1412392327146659,0.1314848882119698
National security/Immigration,YM,1d,Beta,-0.11328369841541619,0.09340622550924665,0.08852641922271626
National security/Immigration,ZN,5m,Beta,-0.033592404807679666,0.597769612448926,0.5879754312219655
National security/Immigration,ZN,15m,Beta,-0.269518830687113,0.2540002239258398,0.22543146113995494
National security/Immigration,ZN,30m,Beta,-2.716624143693367,0.4690432809973317,0.24329803267647035
National security/Immigration,ZN,1h,Beta,-0.12385719298739595,0.6748009944111607,0.636531864536847
National security/Immigration,ZN,1d,Beta,-1.3005164506806346,0.1601984421089436,0.10561986711885998
National security/Immigration,I_NDX,5m,Beta,-0.18658289095149727,0.5239765646817827,0.4810196546531589
National security/Immigration,I_NDX,15m,Beta,-0.18142919179458294,0.2393774200685438,0.22023144746659745
National security/Immigration,I_NDX,30m,Beta,-0.6202738440014464,0.19700252755190556,0.15476672319949505
National security/Immigration,I_NDX,1h,Beta,-0.5420157937304038,0.163108941712248,0.1313509925843043
National security/Immigration,I_NDX,1d,Beta,-2.123338727956236,0.15164989220939534,0.08580894507029793
Tariffs,X_BTCUSD,5m,Return,-0.8981576026636509,0.0015984972444089416,0.0011602344528214143
Tariffs,X_BTCUSD,15m,Return,-0.17057286435296337,0.002400788194237334,0.002218986298685242
Tariffs,X_BTCUSD,30m,Return,-0.015662035712797007,0.003181940716063811,0.0031573118109295187
Tariffs,X_BTCUSD,1h,Return,-0.0361181082945925,0.004613094898914785,0.004531977623379659
Tariffs,X_BTCUSD,1d,Return,-0.23766752318874662,0.024927825710573382,0.022406932300072787
Tariffs,CL,5m,Return,-0.25668184049092146,0.0018793914771938643,0.0016765039590385098
Tariffs,CL,15m,Return,0.05555193587099061,0.0023214146801181566,0.0023887114215239875
Tariffs,CL,30m,Return,0.13969713060325117,0.003191160831604047,0.003440511446577892
Tariffs,CL,1h,Return,0.029386771961075864,0.0066396893072080704,0.0067394530919259845
Tariffs,CL,1d,Return,-0.16101367548162648,0.03574879416298428,0.03317742908930719
Tariffs,ES,5m,Return,-0.8841680365628843,0.00042160988646105314,0.0003071503186447136
Tariffs,ES,15m,Return,-0.12094384420508186,0.0008014018851734593,0.0007569347288859005
Tariffs,ES,30m,Return,0.041669778818946734,0.0014820287383049298,0.0015139064288848046
Tariffs,ES,1h,Return,0.04950411190278059,0.002521986218489097,0.0025868282065519476
Tariffs,ES,1d,Return,0.7851444253890346,0.003118775965503474,0.006728385489858307
Tariffs,YM,5m,Return,-0.30244982492448425,0.0003887004644639212,0.00034059209090302563
Tariffs,YM,15m,Return,-0.3070849755161362,0.0006923047874848678,0.0006055436071896385
Tariffs,YM,30m,Return,-0.2314160627253743,0.0011696358678274668,0.0010540185899061806
Tariffs,YM,1h,Return,0.045887411307002135,0.0023201620552154765,0.0023753002086119852
Tariffs,YM,1d,Return,0.17329102914307215,0.005346589816423256,0.005880314329434017
Tariffs,ZN,5m,Return,-0.38476991581532727,0.00017074678068053275,0.00014509876438476176
Tariffs,ZN,15m,Return,-0.5779506004018744,0.00024670660819186,0.0001963966524365302
Tariffs,ZN,30m,Return,-0.042421764073960144,0.0008283577780059644,0.0008113275424684837
Tariffs,ZN,1h,Return,-0.3702107582893688,0.000677392063090717,0.0005786905857402948
Tariffs,ZN,1d,Return,-0.3578699298900565,0.0022430994069490813,0.0019249499190983304
Tariffs,I_NDX,5m,Return,-0.39835090646844473,0.0008764446191131192,0.0007411675470025262
Tariffs,I_NDX,15m,Return,-0.009284631348793981,0.0018970231620570293,0.0018882774354303114
Tariffs,I_NDX,30m,Return,-0.2758295265541677,0.003001067347372591,0.0026569257458939656
Tariffs,I_NDX,1h,Return,-0.019206997209551657,0.0027677020063468128,0.0027414992428755453
Tariffs,I_NDX,1d,Return,0.03544327753118426,0.009090790302101867,0.009256307077623115
Tariffs,X_BTCUSD,5m,Vol,-0.6900624666686028,0.00023234035634653316,0.00017872004809412135
Tariffs,X_BTCUSD,15m,Vol,-0.8438626172243555,0.0001171168702258106,8.624922041229872e-05
Tariffs,X_BTCUSD,30m,Vol,-0.7166708851682104,6.91307190700989e-05,5.276276586092416e-05
Tariffs,X_BTCUSD,1h,Vol,-0.12123137713128695,4.538821800911062e-05,4.286427779104367e-05
Tariffs,X_BTCUSD,1d,Vol,-0.5861562376614817,9.106491255073127e-06,7.230662539527421e-06
Tariffs,CL,5m,Vol,0.12365268938664864,0.00014789683886685514,0.0001579867853806505
Tariffs,CL,15m,Vol,-0.042852758163537175,0.00024505395256572607,0.00023996627762178197
Tariffs,CL,30m,Vol,-0.10681190926985251,0.00014553143143723355,0.00013833111875341953
Tariffs,CL,1h,Vol,-0.048264801907108135,0.00012043053088019295,0.00011762539613623593
Tariffs,CL,1d,Vol,-0.1933951474831337,1.8731958412228202e-05,1.7147114627930178e-05
Tariffs,ES,5m,Vol,0.018567022416494217,7.578100166114167e-05,7.64944661392711e-05
Tariffs,ES,15m,Vol,-0.048369448093942724,3.2018254766583885e-05,3.12709069945912e-05
Tariffs,ES,30m,Vol,0.3313810965634899,2.6924546500457886e-05,3.292752374272891e-05
Tariffs,ES,1h,Vol,0.38035329163593656,1.5331378128503287e-05,1.9476419562328667e-05
Tariffs,ES,1d,Vol,0.969395164017585,4.048114875167626e-07,2.313970404140004e-06
Tariffs,YM,5m,Vol,0.11452334756732563,7.48356148714734e-05,7.952794748935511e-05
Tariffs,YM,15m,Vol,0.08422951886676733,3.0441353207542917e-05,3.181051014849731e-05
Tariffs,YM,30m,Vol,0.3228200957437989,2.6083019992226618e-05,3.1696101097889076e-05
Tariffs,YM,1h,Vol,0.24241415487067863,1.806659530618447e-05,2.0756799515349578e-05
Tariffs,YM,1d,Vol,0.12215765587688965,5.473164124335659e-06,5.841578384842253e-06
Tariffs,ZN,5m,Vol,-0.7751405460106806,3.729395516017791e-05,2.799123577510098e-05
Tariffs,ZN,15m,Vol,-4.028747565797026,2.885505140333944e-05,1.2867433564502851e-05
Tariffs,ZN,30m,Vol,0.052367502106343555,3.7419145315870226e-05,3.843916018545135e-05
Tariffs,ZN,1h,Vol,-0.2467267281151566,5.4479361971769315e-05,4.8791748035135286e-05
Tariffs,ZN,1d,Vol,-0.41307794202149983,3.925209610882163e-05,3.3020207264984634e-05
Tariffs,I_NDX,5m,Vol,0.27246375406864476,9.85607998443471e-05,0.00011555184969662516
Tariffs,I_NDX,15m,Vol,0.4049427437973798,3.756142370922367e-05,4.869256666048231e-05
Tariffs,I_NDX,30m,Vol,0.347499476520875,2.645704125398177e-05,3.275298168050249e-05
Tariffs,I_NDX,1h,Vol,0.05373137112909221,2.0651841657096522e-05,2.1230076805299024e-05
Tariffs,I_NDX,1d,Vol,0.3985674792759911,8.461686995422991e-06,1.0910973540174432e-05
Tariffs,X_BTCUSD,5m,Beta,-0.08091384552297076,5.673506839037061,5.457026249178422
Tariffs,X_BTCUSD,15m,Beta,-0.041231709947565864,2.0870680625915545,2.045327791260789
Tariffs,X_BTCUSD,30m,Beta,-0.23536183214649764,1.5334713928901738,1.3796806995821467
Tariffs,X_BTCUSD,1h,Beta,-0.3040141487556247,1.0064834064098114,0.8813846190418285
Tariffs,X_BTCUSD,1d,Beta,-1.1779536819315237,0.6132407274366881,0.4155341012299108
Tariffs,CL,5m,Beta,-0.25030575305885816,3.5571560145512926,3.1812280177534693
Tariffs,CL,15m,Beta,-0.23619215849455544,1.9817321125654492,1.782386789557284
Tariffs,CL,30m,Beta,-0.09787363398684645,1.1798811977833685,1.1260614805314142
Tariffs,CL,1h,Beta,-0.21504722952325483,1.1650265417749854,1.0569130002967695
Tariffs,CL,1d,Beta,-0.07985423657024593,0.9875239571037095,0.9503095027410949
Tariffs,ES,5m,Beta,1.0,0.0,0.0
Tariffs,ES,15m,Beta,1.0,0.0,0.0
Tariffs,ES,30m,Beta,1.0,0.0,0.0
Tariffs,ES,1h,Beta,1.0,0.0,0.0
Tariffs,ES,1d,Beta,1.0,0.0,0.0
Tariffs,YM,5m,Beta,-0.2953930355603065,0.7098446454126601,0.6236810258062607
Tariffs,YM,15m,Beta,-0.36994865268088173,0.27908698277493693,0.23844456937148956
Tariffs,YM,30m,Beta,-0.16412770146037747,0.1692433771989,0.15685969674757458
Tariffs,YM,1h,Beta,0.052190483203533256,0.14814936427379363,0.15217358064225184
Tariffs,YM,1d,Beta,-0.42484824119409725,0.09984754279641857,0.08364752130788677
Tariffs,ZN,5m,Beta,-0.5967518741652913,0.6877294926723175,0.5442506191663307
Tariffs,ZN,15m,Beta,-0.248681263441477,0.3354775555361523,0.30021865315716034
Tariffs,ZN,30m,Beta,-0.1946208220046799,1.4288086170462133,1.3072511142586711
Tariffs,ZN,1h,Beta,-0.27417140286805997,0.3724482106480617,0.3299529117837964
Tariffs,ZN,1d,Beta,-0.46282267222404094,0.12260303574250901,0.10136905138143015
Tariffs,I_NDX,5m,Beta,-0.8946334206914615,0.5694251412662216,0.4136890649060336
Tariffs,I_NDX,15m,Beta,-0.22513778884005187,0.2084355709218361,0.18831259510732715
Tariffs,I_NDX,30m,Beta,-0.5400845377109358,0.19057747464932828,0.15356749054191113
Tariffs,I_NDX,1h,Beta,-0.6670207241575687,0.15136347528441108,0.11723319227439656
Tariffs,I_NDX,1d,Beta,-1.4824199053503349,0.1552385723009183,0.0985285331994243
Technology,X_BTCUSD,5m,Return,-0.24282365850938503,0.0019360655844521382,0.0017366620298483986
Technology,X_BTCUSD,15m,Return,-0.8206500561397125,0.00238005145932733,0.0017638965372387466
Technology,X_BTCUSD,30m,Return,-0.38511233805545286,0.004138721554207475,0.0035166059770228935
Technology,X_BTCUSD,1h,Return,-0.15356608059377708,0.0042530373664639316,0.0039598429291663375
Technology,X_BTCUSD,1d,Return,-0.731819230134654,0.028387000996656902,0.02157089844260785
Technology,CL,5m,Return,-0.027747485461163457,0.0017343392574673238,0.0017107669168495696
Technology,CL,15m,Return,-0.01577555868467928,0.0023670813250970227,0.002348628354578262
Technology,CL,30m,Return,-0.07951428703215657,0.0044916540762653095,0.004323068375299516
Technology,CL,1h,Return,-0.3770481405043631,0.007047505102402715,0.006005661323201141
Technology,CL,1d,Return,-0.4320857177215305,0.02094437756210299,0.01750180946317286
Technology,ES,5m,Return,-0.0849780177592987,0.0003863162620185694,0.00037087923679281865
Technology,ES,15m,Return,-0.03497650629635918,0.0006542778265855709,0.000643127316759388
Technology,ES,30m,Return,-0.26099920503401797,0.0009321417296906996,0.0008300887811646322
Technology,ES,1h,Return,-0.5015252434151709,0.0023288484809268688,0.0019005308103124097
Technology,ES,1d,Return,-0.15006733467495015,0.003404285487028416,0.0031744196524998887
Technology,YM,5m,Return,-1.6068076116250616,0.0003321683318277508,0.0002057328939879062
Technology,YM,15m,Return,-0.8856463662819893,0.0006649455343340305,0.0004842347467301664
Technology,YM,30m,Return,-0.39356637701147346,0.0008701158769957023,0.000737077685724442
Technology,YM,1h,Return,-0.39791909816119686,0.0022509143288638542,0.0019037852018215068
Technology,YM,1d,Return,-1.1996336126584421,0.007286724965957984,0.004913118101500304
Technology,ZN,5m,Return,0.005112590923691873,0.0002128438080630236,0.00021338999494078533
Technology,ZN,15m,Return,-0.263035721415265,0.00017901575113337417,0.00015928813533710412
Technology,ZN,30m,Return,-0.01201994590257116,0.0003029942691257987,0.00030118953516793134
Technology,ZN,1h,Return,-0.8126468554683757,0.0007102483758625461,0.0005275378782777133
Technology,ZN,1d,Return,-0.23730828789462022,0.0023366916237739597,0.0021006922865665586
Technology,I_NDX,5m,Return,-0.5527553823923759,0.0006232348852189246,0.0005001499538452053
Technology,I_NDX,15m,Return,0.3172684334658342,0.001003754811633261,0.0012147940288560768
Technology,I_NDX,30m,Return,-0.029349931399215157,0.0020349133163998752,0.002005692700066636
Technology,I_NDX,1h,Return,0.2001760250522594,0.0020062465541940216,0.002243298648954786
Technology,I_NDX,1d,Return,-0.05936022037957178,0.007657451835562131,0.0074398202585338
Technology,X_BTCUSD,5m,Vol,-0.234325380540219,0.00019538381605681445,0.00017586270868973986
Technology,X_BTCUSD,15m,Vol,-0.2633481344862023,7.281131230790999e-05,6.477946200938112e-05
Technology,X_BTCUSD,30m,Vol,-0.7349344273266492,6.85113759223184e-05,5.201410823633625e-05
Technology,X_BTCUSD,1h,Vol,-0.4310734744491036,3.4913262302674924e-05,2.9184984385972652e-05
Technology,X_BTCUSD,1d,Vol,0.040310382764152886,7.039302850097062e-06,7.185620091173381e-06
Technology,CL,5m,Vol,-0.27032222840646725,0.0002733564541456391,0.000242533862700063
Technology,CL,15m,Vol,-0.08544903009743865,0.00011097038194595336,0.00010651293779236289
Technology,CL,30m,Vol,-0.08326041511281468,6.246337536139449e-05,6.0014889671218435e-05
Technology,CL,1h,Vol,0.2091801180547892,0.00010502924285096109,0.00011810585964650628
Technology,CL,1d,Vol,0.2377812870448769,1.1768146707238017e-05,1.3479328903632691e-05
Technology,ES,5m,Vol,-1.4633301224879363,5.242968962187506e-05,3.3405346275159516e-05
Technology,ES,15m,Vol,0.03247841122818451,2.3794246234040562e-05,2.419032032927915e-05
Technology,ES,30m,Vol,0.10795752529395641,1.3893507338100276e-05,1.4710218643663277e-05
Technology,ES,1h,Vol,0.3641477244127519,8.470964889187426e-06,1.0623185539465888e-05
Technology,ES,1d,Vol,0.9475549261083742,3.5495395150964053e-07,1.5499570522776835e-06
Technology,YM,5m,Vol,-2.885728143130989,7.346756647036106e-05,3.7270004755001975e-05
Technology,YM,15m,Vol,-1.3671257744517926,3.234609083502507e-05,2.102379604162864e-05
Technology,YM,30m,Vol,-2.087799498212377,2.4136884637417462e-05,1.3735885709083988e-05
Technology,YM,1h,Vol,-0.24090256356815387,1.1870953561594728e-05,1.0656553391107033e-05
Technology,YM,1d,Vol,0.6036344827586207,8.247144027806511e-07,1.309952797378954e-06
Technology,ZN,5m,Vol,-2.2524518517027623,4.3730592354692705e-05,2.424822326194121e-05
Technology,ZN,15m,Vol,-44.850316464339926,5.003046525714263e-05,7.38862070865269e-06
Technology,ZN,30m,Vol,-458.9106955452134,6.397603499628716e-05,2.983187604563895e-06
Technology,ZN,1h,Vol,-982.9235512457051,0.00011642032670127145,3.711488640558406e-06
Technology,ZN,1d,Vol,-39557.270463636385,7.176069494132243e-05,3.6080121229410985e-07
Technology,I_NDX,5m,Vol,-0.03090221787957792,0.00022721481128929683,0.00022378341706095944
Technology,I_NDX,15m,Vol,-0.023495927029405506,9.155773718513111e-05,9.050071103712309e-05
Technology,I_NDX,30m,Vol,-0.03449764604676697,5.00473080809932e-05,4.920576287988751e-05
Technology,I_NDX,1h,Vol,-0.2595296204208384,2.619964283373697e-05,2.3344854861847182e-05
Technology,I_NDX,1d,Vol,0.39469698153887744,7.291036646774948e-06,9.371365173073804e-06
Technology,X_BTCUSD,5m,Beta,0.07844939557485509,2.993681189754668,3.1185014792569006
Technology,X_BTCUSD,15m,Beta,-0.7414644600541529,1.3622587250359242,1.0322913549018515
Technology,X_BTCUSD,30m,Beta,-1.4875286682729731,0.8826289079940662,0.5596211248908237
Technology,X_BTCUSD,1h,Beta,-0.18853628535826683,0.6747472675445091,0.6189205631058435
Technology,X_BTCUSD,1d,Beta,-1.7010664880389705,0.48378291753881786,0.294362777378406
Technology,CL,5m,Beta,-0.5847656719810037,6.194523604465433,4.920682962710012
Technology,CL,15m,Beta,-0.21815588463525115,1.5610957002396582,1.4144190395944765
Technology,CL,30m,Beta,-0.42366637751456926,1.4100302657134043,1.1817464883993576
Technology,CL,1h,Beta,-0.0618853777700068,1.4000346144646931,1.3586260988603296
Technology,CL,1d,Beta,-0.4122170052018366,1.6904113168848598,1.4224652746994102
Technology,ES,5m,Beta,1.0,0.0,0.0
Technology,ES,15m,Beta,1.0,0.0,0.0
Technology,ES,30m,Beta,1.0,0.0,0.0
Technology,ES,1h,Beta,1.0,0.0,0.0
Technology,ES,1d,Beta,1.0,0.0,0.0
Technology,YM,5m,Beta,-1.5523386857913586,0.6011554218992577,0.37628561572589114
Technology,YM,15m,Beta,-0.2971887162368414,0.2666491337391487,0.23412004343091747
Technology,YM,30m,Beta,-0.4776043778280319,0.27009973326832243,0.22220051988544254
Technology,YM,1h,Beta,-0.8426987688264949,0.1983358137144032,0.14610799109291422
Technology,YM,1d,Beta,-0.9197133805590854,0.09103395596020329,0.06570300301045391
Technology,ZN,5m,Beta,-0.580820799043722,0.7153452483786562,0.5689503593530083
Technology,ZN,15m,Beta,-0.15979761482449373,0.6647431039499666,0.6172523257932173
Technology,ZN,30m,Beta,-13.377733857519006,0.808864122688417,0.2133193995265754
Technology,ZN,1h,Beta,-2.999908467270847,0.42491661245897483,0.21246073713228264
Technology,ZN,1d,Beta,-0.36755036854077927,0.12775706338547788,0.10924793963707849
Technology,I_NDX,5m,Beta,-0.5165988077084209,0.6108811069355811,0.4960452994090585
Technology,I_NDX,15m,Beta,-1.4127998537412951,0.3020619764114543,0.1944622967295343
Technology,I_NDX,30m,Beta,-1.1816148428268387,0.2508720068166019,0.16984906640151856
Technology,I_NDX,1h,Beta,-2.4631102346708205,0.23043496429840168,0.1238269620324165
Technology,I_NDX,1d,Beta,-2.690549897828064,0.11403915039804638,0.05936198739107166
