Topic,Asset,Interval,Target param,word_count,hour_sin,hour_cos,return_1d_lag1,vol_1d_lag1,return_1d_sma5,vol_1d_sma5,topic_sentiment
China,X_BTCUSD,5m,Return,0.1278685350195043,0.08335223293343257,0.2447207761601018,0.09897571882614428,0.033649682478346404,0.10991052690486605,0.10230807816607185,0.1992144495115328
China,X_BTCUSD,15m,Return,0.2037159155512828,0.11725418544144242,0.06787392061330755,0.09772808784275347,0.06333784073758215,0.16984291684985034,0.12080389304697838,0.15944323991680295
China,X_BTCUSD,30m,Return,0.2687360641776453,0.15231497186031837,0.06104239678558314,0.08066556732331584,0.027981875406760802,0.08576130617682626,0.05248220838077393,0.2710156098887764
China,X_BTCUSD,1h,Return,0.26987955599949326,0.10697566438276224,0.06012444646572337,0.08001454880979263,0.03392953084921357,0.07119464238643666,0.09069804968077465,0.2871835614258036
China,X_BTCUSD,1d,Return,0.23257719737611024,0.13773747519465762,0.053672734597693374,0.17035478989403446,0.04517997477016666,0.1709507960679597,0.0845937572764416,0.10493327482293628
China,CL,5m,Return,0.12219986643007616,0.03585369458475065,0.06897528488168092,0.07941240014312867,0.04073459997373505,0.09683288458430257,0.4310454150788563,0.12494585432346957
China,CL,15m,Return,0.05318614701404375,0.03736745675225388,0.02952495600978291,0.0532445062531007,0.0669810316261499,0.11708954820318247,0.6063392032466263,0.0362671508948601
China,CL,30m,Return,0.07126948237686691,0.05407771712340443,0.04677899945541013,0.08054822494619739,0.06543766897979066,0.18119697939596757,0.42073951785319785,0.07995140986916514
China,CL,1h,Return,0.07042472553887863,0.023376676961121164,0.030323023396408265,0.07561335822730081,0.0754078809117474,0.12793839090898926,0.5338610416279698,0.06305490242758488
China,CL,1d,Return,0.22919624245205836,0.016336501951816948,0.026710797357717482,0.11753512095551544,0.191276813973077,0.17370643253992288,0.18795964298933499,0.05727844778055696
China,ES,5m,Return,0.14021717206589573,0.03701529551841837,0.05706321016538795,0.06289815497205344,0.09489079335530382,0.3771013726554407,0.1615047872584893,0.06930921400901083
China,ES,15m,Return,0.10304515179191913,0.10681060366499806,0.03721218684614956,0.14391166717251963,0.06353060063464223,0.2801141694884602,0.07869252243022429,0.1866830979710869
China,ES,30m,Return,0.09079364779474391,0.038659120528733236,0.03460051754248235,0.12426595176201624,0.05975300189065239,0.2570417442591696,0.3274998197125706,0.06738619650963164
China,ES,1h,Return,0.05054414703172151,0.0712710217439312,0.05611004052187833,0.10414463402765611,0.09366252312002779,0.39485341686508835,0.18485508140366616,0.0445591352860307
China,ES,1d,Return,0.007739496704842631,0.004375057670191337,0.012480682848931684,0.388756054726005,0.0812548062028377,0.39961613385184674,0.1031272190734031,0.0026505489219418067
China,YM,5m,Return,0.12018622685993365,0.040129973372930776,0.08914286492717516,0.06121633919990429,0.11486060716765875,0.35189988609441203,0.13797465468054193,0.08458944769744338
China,YM,15m,Return,0.11232010933193896,0.15281503867303592,0.03955581665147432,0.16593900663680405,0.07083776359115136,0.24940489876420824,0.08282902361292925,0.12629834273845794
China,YM,30m,Return,0.09928241425666468,0.07137483942641897,0.0478745439656177,0.1435811764229069,0.08012710883487385,0.23980003911145967,0.25793088324419333,0.06002899473786497
China,YM,1h,Return,0.06494714066041483,0.08867514235072464,0.049239409953758896,0.12948429552487697,0.10205956081540918,0.31804977057984335,0.18225320340409698,0.06529147671087504
China,YM,1d,Return,0.022851673633264253,0.014677177299684738,0.014217901987997428,0.3067678669480411,0.13594849170020326,0.3539439338717944,0.13566765075586001,0.01592530380315475
China,ZN,5m,Return,0.1256956371082241,0.11543685658001575,0.12992820578109138,0.10347199369865819,0.044995909740754826,0.11461035603572613,0.11476494412134457,0.25109609693418516
China,ZN,15m,Return,0.15515612105694104,0.11139188283109216,0.21750837099804646,0.09764764139886677,0.05819795399675495,0.12469390743414685,0.06946106797420311,0.16594305430994868
China,ZN,30m,Return,0.06698875750864089,0.14802209959489143,0.040962071037146115,0.10945683811111837,0.04858967248998783,0.46087094803367307,0.06494545326356965,0.060164159960972664
China,ZN,1h,Return,0.037917280550845686,0.20321577283441375,0.04063716392081352,0.10999629803228396,0.02482841286130031,0.4279112536189584,0.06596786572219829,0.08952595245918615
China,ZN,1d,Return,0.14110669454127675,0.12615435618681944,0.06657655793142091,0.18338763689190607,0.03370393029657409,0.17355579895503856,0.07427132355510827,0.20124370164185573
China,I_NDX,5m,Return,0.1727050534851588,0.06725468309176902,0.06383728561560342,0.12234163183523881,0.048099845676933387,0.09053365602802378,0.08753926737839057,0.3476885768888823
China,I_NDX,15m,Return,0.1563326576044028,0.04850014388089232,0.03339892330204055,0.07561675730828255,0.08654478296160961,0.2504621406714479,0.08631276573739574,0.26283182853392867
China,I_NDX,30m,Return,0.2198857029760394,0.20761076471938056,0.056578679193496316,0.05256604737165171,0.03427328638401708,0.21852639381574748,0.05968969913653746,0.15086942640312997
China,I_NDX,1h,Return,0.09134942145140344,0.08404852202643436,0.045624448833235166,0.05868075080446635,0.04671868390396265,0.35842045486491597,0.11406353202568556,0.20109418608989652
China,I_NDX,1d,Return,0.007889241330025592,0.005747443617850984,0.030290190535667966,0.36385451125636237,0.03297508292805383,0.4806656317593044,0.0719535843270779,0.006624314245657069
China,X_BTCUSD,5m,Vol,0.17821895400133506,0.0956333910876642,0.1203705300950573,0.07579978874623791,0.04572962167671553,0.08618531623011937,0.09343225231558171,0.30463014584728887
China,X_BTCUSD,15m,Vol,0.1681930034925237,0.13300313696493815,0.08914620828257573,0.13001290474415908,0.07600409850556576,0.11735759177304655,0.08330066179398647,0.20298239444320468
China,X_BTCUSD,30m,Vol,0.13218056130024963,0.11285127518835683,0.07167320902830798,0.11052818313152922,0.07608068325722957,0.11889364565350423,0.18257640567511108,0.19521603676571136
China,X_BTCUSD,1h,Vol,0.09671505084027646,0.09772809505389836,0.0883776028232428,0.15197181104770552,0.08098296453288364,0.08286786559786403,0.1772721367027042,0.22408447340142487
China,X_BTCUSD,1d,Vol,0.5480986577191521,0.03913874528587752,0.1158160685833758,0.057109425203937754,0.05892181871575376,0.046946152553100216,0.057093478250533736,0.07687565368826907
China,CL,5m,Vol,0.1399084927329364,0.07393950555037059,0.13281146958068707,0.05117437504639112,0.015985535968696053,0.10439309866453222,0.3839294769994429,0.09785804545694349
China,CL,15m,Vol,0.09535536179772434,0.06546317604495751,0.32248670573131444,0.04106857643172763,0.031051984736838966,0.06882406382350138,0.29370817113715847,0.08204196029677732
China,CL,30m,Vol,0.059722318605111936,0.12595386149403973,0.17834188320323108,0.0875252800988052,0.07482304320660332,0.13609247335421043,0.25188496556415624,0.08565617447384209
China,CL,1h,Vol,0.06858200097034126,0.09823101245654076,0.1550337610646211,0.07513294188272462,0.059110325164706344,0.12404905537086885,0.333318508748425,0.0865423943417721
China,CL,1d,Vol,0.3101212885493283,0.04896829793170598,0.05759317489153286,0.0843210941416103,0.14339851162720693,0.1046112564317838,0.16038184980552564,0.0906045266213062
China,ES,5m,Vol,0.02778798254272701,0.029137139601790093,0.017457982338320854,0.1282795840819408,0.1405776321630266,0.16053300687464409,0.4580805355412125,0.03814613685633796
China,ES,15m,Vol,0.046355035317821654,0.12509893758623644,0.050775943617136776,0.19423963704622899,0.1784422364529646,0.06016232345454733,0.2528495832840363,0.09207630324102795
China,ES,30m,Vol,0.0625790586324563,0.12116459848623319,0.025489504475201145,0.24221718405344786,0.15537639228634373,0.15273964034036272,0.18370509088937842,0.05672853083657666
China,ES,1h,Vol,0.04685282728906047,0.12372263354748407,0.021038818050724335,0.22289485055200908,0.18163952004446965,0.16552198816596767,0.1980720899414224,0.040257272408862475
China,ES,1d,Vol,0.0038376061171724925,0.004032644035473236,0.003941094649969862,0.01748335068567488,0.5442885822590713,0.04547932989791675,0.37717351682180755,0.0037638755329140188
China,YM,5m,Vol,0.03869306028944998,0.04533433738149748,0.03433402241997873,0.08856465592524869,0.22154742097031005,0.1737634831119766,0.2836061736820667,0.11415684621947186
China,YM,15m,Vol,0.05925421918841247,0.10896614103269503,0.06590926475440063,0.1363012260621221,0.1407308068268417,0.08619240987625836,0.1361837803952867,0.2664621518639832
China,YM,30m,Vol,0.05632464325869889,0.14982603338334124,0.045235312178933146,0.223474007326799,0.09836604588272017,0.16617208088830662,0.08762661275185021,0.17297526432935076
China,YM,1h,Vol,0.026976015455653948,0.13447726540974053,0.03568695277999094,0.09625514488096429,0.1836633641057333,0.2524377130425346,0.10505925506851255,0.16544428925686974
China,YM,1d,Vol,0.028903692657346814,0.01888244846460912,0.016771154416308477,0.03187051256980642,0.39540123887396506,0.05699257083671484,0.3796400070663145,0.07153837511493481
China,ZN,5m,Vol,0.06443693832838764,0.0919821410140909,0.060590322809585075,0.17448420074936838,0.12137840826269025,0.2668037891072828,0.1562946297906964,0.06402956993789853
China,ZN,15m,Vol,0.13771126061942604,0.0693339141005724,0.1323537256768205,0.17251997122252463,0.02691425685871456,0.11304762454148867,0.036507209849314194,0.31161203713113894
China,ZN,30m,Vol,0.08871949940134079,0.06708473949916036,0.4566608267733903,0.07625668947037204,0.028616630743270973,0.12265135167157164,0.05179909147361706,0.10821117096727689
China,ZN,1h,Vol,0.08156788716542555,0.08599894627996524,0.5820441064704776,0.04261830900219227,0.02065345383935207,0.08643193406172431,0.03624111391057444,0.06444424927028851
China,ZN,1d,Vol,0.08225124423383061,0.0830516682512537,0.07787707752164129,0.0416835456535227,0.019807970038470474,0.08032373963089519,0.020467891424629996,0.5945368632457559
China,I_NDX,5m,Vol,0.06483746019908437,0.033820212657252796,0.021911779963352786,0.05976984259740485,0.07929110672221001,0.10430058271427971,0.5281739195467279,0.1078950955996876
China,I_NDX,15m,Vol,0.04950320471663225,0.04093591086939252,0.029329529469694696,0.21896934665054385,0.1497089620970184,0.07529757361896308,0.39201865994111834,0.044236812636636896
China,I_NDX,30m,Vol,0.07825311258325203,0.03790592416833249,0.030783335776147617,0.23797157230269644,0.17313246995468895,0.09803960153073374,0.2520876203163145,0.09182636336783427
China,I_NDX,1h,Vol,0.07655437273607281,0.03467580676591738,0.032985752268676186,0.18173016843306394,0.20445921085075452,0.11495445415817575,0.2949512921501955,0.05968894263714388
China,I_NDX,1d,Vol,0.020069048242370456,0.028365433199886915,0.027167682218870816,0.08439457517153746,0.08807913896892496,0.15896963728845415,0.5433553686025,0.04959911630745526
China,X_BTCUSD,5m,Beta,0.15972960345538617,0.029895681994209965,0.15624718099812446,0.1263400170599743,0.07772460860610923,0.08602662089216313,0.15205811507262237,0.2119781719214104
China,X_BTCUSD,15m,Beta,0.12384272856537425,0.16605942768463927,0.1470013047149185,0.14609580500946476,0.04316881103181396,0.08333085345854295,0.08971616841466178,0.20078490112058453
China,X_BTCUSD,30m,Beta,0.20242982835575782,0.053784084055751656,0.10314927881001072,0.10661117849570147,0.07307794449465599,0.15209505205931806,0.2064249573280694,0.10242767640073491
China,X_BTCUSD,1h,Beta,0.1560868259999725,0.0821286751817364,0.1542299103599848,0.13225201845262097,0.06521541064860688,0.13265544937338644,0.0740085372765059,0.2034231727071861
China,X_BTCUSD,1d,Beta,0.06284424075408888,0.10540002924884675,0.2011572346467054,0.13424218301682825,0.09818405410392872,0.10720293159913757,0.12114444437045555,0.16982488226000886
China,CL,5m,Beta,0.25391205748053375,0.11666637706840158,0.13192110364087242,0.14480434988377278,0.03658599080508154,0.09016251833964327,0.09910599438407829,0.12684160839761632
China,CL,15m,Beta,0.1593647031543831,0.09456013368836062,0.0622526570060772,0.2120681091908749,0.04815089672863003,0.13197180087217808,0.1440775203335941,0.14755417902590204
China,CL,30m,Beta,0.10775761072846742,0.06781316110746713,0.26879731283251246,0.1417117372952287,0.048984126939557865,0.12200871216733215,0.11111075700271258,0.13181658192672177
China,CL,1h,Beta,0.08336326040545769,0.034924962345397215,0.46076302410829933,0.11155191236933204,0.06903163443864122,0.053363336828924794,0.07804258300291436,0.10895928650103323
China,CL,1d,Beta,0.3065104746890812,0.024289073684899024,0.03696445147488739,0.06302295001385216,0.042657363545006065,0.041502430402629555,0.32578564495798906,0.15926761123165556
China,ES,5m,Beta,0.0,0.0,0.0,0.0,0.0,0.0,0.0,0.0
China,ES,15m,Beta,0.0,0.0,0.0,0.0,0.0,0.0,0.0,0.0
China,ES,30m,Beta,0.0,0.0,0.0,0.0,0.0,0.0,0.0,0.0
China,ES,1h,Beta,0.0,0.0,0.0,0.0,0.0,0.0,0.0,0.0
China,ES,1d,Beta,0.0,0.0,0.0,0.0,0.0,0.0,0.0,0.0
China,YM,5m,Beta,0.25882468476646525,0.06239286135312321,0.23417832367984726,0.0804971837817301,0.05060517206542709,0.09517735425511412,0.11025649295132137,0.10806792714697165
China,YM,15m,Beta,0.10773263509920225,0.07854442822744608,0.17266289004450144,0.12102482962610901,0.0705845400388037,0.17205034983304177,0.09837746633443052,0.1790228607964651
China,YM,30m,Beta,0.07815937949642458,0.049050806555508315,0.05486022598719439,0.0990086250553488,0.049128305984572844,0.04871776707439276,0.1697299910018816,0.4513448988446766
China,YM,1h,Beta,0.12090760169474342,0.0737777428222599,0.07989279662084925,0.07251384018144438,0.05223600760925562,0.0890655554144574,0.12151372858950171,0.3900927270674883
China,YM,1d,Beta,0.07757342080715054,0.05237687424741515,0.13710419838238627,0.11504548378687979,0.060597752906174446,0.05435706004426377,0.39540328122844354,0.10754192859728652
China,ZN,5m,Beta,0.2674568847703359,0.044586593202240045,0.12615540577232426,0.10127126805354454,0.08737415389393575,0.10966635601806644,0.13483013064706129,0.12865920764249186
China,ZN,15m,Beta,0.08999230902237931,0.05970700448274337,0.17128604736822972,0.16332170182602596,0.08076786346353472,0.18680277247755459,0.15843933140391692,0.08968296995561534
China,ZN,30m,Beta,0.10597396282757515,0.10287562252403934,0.15290280956744606,0.12079169191701727,0.039587791625812975,0.22753072636166322,0.0967498542243047,0.15358754095214117
China,ZN,1h,Beta,0.19829980467923156,0.11040031790540497,0.14985098632816482,0.10097677636408967,0.04784539251387441,0.09186899127546932,0.12525489161715977,0.17550283931660557
China,ZN,1d,Beta,0.10583941089946494,0.1173177641273362,0.19498064668265708,0.12631937588395983,0.04743443662009157,0.16223108742004708,0.13092371081595705,0.11495356755048627
China,I_NDX,5m,Beta,0.24807422209497978,0.04997729094694961,0.15233694013573218,0.11816658095041298,0.06526155641022546,0.12384616416191509,0.11403727017202399,0.12829997512776095
China,I_NDX,15m,Beta,0.15856982775406214,0.09677910239270174,0.172831162231349,0.2342177819293819,0.030122394289890213,0.10869483665977019,0.05566183136037242,0.14312306338247247
China,I_NDX,30m,Beta,0.18570977359579396,0.10027809985788452,0.09371384941238221,0.13826560015762704,0.0680335109607312,0.15160893744890205,0.10845505469259396,0.1539351738740851
China,I_NDX,1h,Beta,0.21762403545850975,0.10514322640166215,0.08452281020222463,0.12160297433463503,0.05102577837240029,0.12491308965161509,0.13621462968954984,0.15895345588940324
China,I_NDX,1d,Beta,0.135789120208367,0.11433814117488354,0.1790762687575362,0.17850784658555793,0.04616606135220946,0.14957040719326253,0.1004046160977621,0.09614753863042122
Federal politics,X_BTCUSD,5m,Return,0.15628099963786807,0.0708650451591441,0.0856711949293125,0.16024767913836577,0.06260433853918096,0.17708313550593963,0.1100678032226615,0.1771798038675275
Federal politics,X_BTCUSD,15m,Return,0.151145707274699,0.08264800382546317,0.08373292135251603,0.16949807542876588,0.05459952255116923,0.16406795693887283,0.12642624874239405,0.16788156388611988
Federal politics,X_BTCUSD,30m,Return,0.14674247902471182,0.08073974357793995,0.08422888224427,0.1799551679782864,0.06008423598975122,0.17020493212179738,0.12455065389965508,0.15349390516358827
Federal politics,X_BTCUSD,1h,Return,0.14287927635577546,0.08887687417529573,0.0900589222959853,0.1851359700896487,0.04570669492941075,0.18664165406360367,0.10422342102071765,0.1564771870695628
Federal politics,X_BTCUSD,1d,Return,0.10817055573886035,0.060852329934676916,0.09562874437135475,0.21644886185024745,0.05242368245766205,0.20344273567306112,0.1430235945628893,0.120009495411248
Federal politics,CL,5m,Return,0.13725105680504918,0.09785564798698035,0.09269322120347293,0.15719768103724596,0.0546310502131373,0.1892974724374854,0.10361148733030193,0.16746238298632693
Federal politics,CL,15m,Return,0.13861193051043888,0.07647528499250464,0.09248203637157842,0.19772660817309498,0.047860129954257764,0.18474270309286725,0.11448902392394843,0.14761228298130977
Federal politics,CL,30m,Return,0.15512481187514796,0.06827525835146316,0.07673308953333803,0.1816181560349631,0.054629452248155325,0.19777282823414802,0.1135427524297011,0.15230365129308338
Federal politics,CL,1h,Return,0.14007092017557662,0.07108673556013317,0.08218908665979609,0.19211196099834874,0.05990033733674267,0.19967763746553244,0.11140664495977183,0.14355667684409837
Federal politics,CL,1d,Return,0.08471511591788664,0.06723087739379867,0.04902197069899197,0.2977488010476147,0.06258856085969282,0.21209974752221417,0.14184219751006336,0.0847527290497376
Federal politics,ES,5m,Return,0.12894116611734124,0.05213197021084725,0.09427435683813026,0.1434742881245105,0.1038329470545525,0.16547245092805113,0.21670245915995157,0.09517036156661562
Federal politics,ES,15m,Return,0.12089558554144414,0.07655402538032122,0.06227481200812622,0.21275868147151114,0.07613185153123464,0.142615369014327,0.1663858028276299,0.14238387222540574
Federal politics,ES,30m,Return,0.13076365182413544,0.07357733656657804,0.06275250333983197,0.19655112368251,0.08648962701481344,0.19143989347695775,0.13278718425694164,0.1256386798382317
Federal politics,ES,1h,Return,0.09651235047949858,0.06101781790837524,0.06731893827131392,0.23214498797363198,0.07749359852095393,0.2254671787125873,0.13293999054842848,0.1071051375852104
Federal politics,ES,1d,Return,0.017982630396004895,0.01950168139370611,0.022346217658952918,0.5885765535414835,0.07530748682577422,0.2210663385237533,0.04145246005588339,0.013766631604441701
Federal politics,YM,5m,Return,0.11007368017477244,0.05769017145138937,0.09495263907481429,0.1642239642375726,0.09264440685551752,0.18255863453565166,0.19046908874014784,0.10738741493013437
Federal politics,YM,15m,Return,0.12682245916261856,0.07759276846355422,0.06726215326692181,0.20017969468996136,0.07013972697214736,0.16884990498559507,0.15976143273148535,0.1293918597277162
Federal politics,YM,30m,Return,0.12966591680235026,0.07997367219024049,0.07047188852640031,0.1776775471102337,0.08216939940700052,0.17682922362178613,0.1457336160572522,0.1374787362847363
Federal politics,YM,1h,Return,0.09960387561452362,0.06319593253782384,0.07604753873977883,0.21142330384710167,0.0717538070355623,0.23249208490741183,0.13826345464533474,0.10722000267246319
Federal politics,YM,1d,Return,0.027284396181967922,0.024056573707595,0.02840005167892939,0.5254743135742325,0.07006945646210845,0.21482524025091462,0.07928508412322223,0.03060488402103005
Federal politics,ZN,5m,Return,0.12922630966206752,0.05305220495620673,0.08408751587890506,0.19996110535447265,0.07778475467141417,0.18058055038152446,0.1351191984811398,0.14018836061426973
Federal politics,ZN,15m,Return,0.14992038659000206,0.058729217785318415,0.08041971386225326,0.23355800537109847,0.055586020434866115,0.16140143863201306,0.12703805033583987,0.1333471669886087
Federal politics,ZN,30m,Return,0.1235450143746114,0.05501032656006801,0.07748840168164459,0.18530255630189266,0.06512093885268717,0.20974290206902826,0.162421764380508,0.12136809577955995
Federal politics,ZN,1h,Return,0.13453670753274546,0.06219199562465708,0.07020719806358898,0.1564434711627363,0.0953504746819436,0.17351992200067837,0.18809053593814487,0.11965969499550541
Federal politics,ZN,1d,Return,0.06202826210616874,0.041633162826637655,0.042506156252731395,0.21406669899987352,0.07035977202212824,0.2729245265164434,0.23163248172001885,0.06484893955599817
Federal politics,I_NDX,5m,Return,0.10245770177980938,0.05463441104375848,0.06906566999542148,0.17966677973732906,0.09088593822021039,0.20795635835419585,0.18662952943806058,0.1087036114312148
Federal politics,I_NDX,15m,Return,0.10621674720341125,0.062794513616509,0.09199670636411764,0.17774336365215018,0.08616719189928784,0.19452533563587038,0.16695222460856543,0.11360391702008829
Federal politics,I_NDX,30m,Return,0.1013622921327358,0.05966170439639185,0.07206769861696113,0.2244088332834647,0.06584139726828912,0.2257735099695096,0.13537968357601265,0.11550488075663523
Federal politics,I_NDX,1h,Return,0.07446768765884684,0.05976154368296587,0.08495128915275801,0.1982391518058651,0.1425943497245127,0.1850163697737119,0.16810956138929817,0.08686004681204137
Federal politics,I_NDX,1d,Return,0.0259815327287035,0.017158652563456923,0.01983460722836774,0.3120369520562026,0.08122974329776378,0.43665338732891384,0.08252249591167468,0.024582628884917086
Federal politics,X_BTCUSD,5m,Vol,0.14551520298820805,0.07793308222920098,0.08086643907196402,0.1575364444960543,0.06862250664809731,0.17089673627349367,0.1480813888263895,0.15054819946659218
Federal politics,X_BTCUSD,15m,Vol,0.13145483286183987,0.07480381269631799,0.09442709542660019,0.1538250335840298,0.06019195484115965,0.1722882041768556,0.17640939078969048,0.13659967562350642
Federal politics,X_BTCUSD,30m,Vol,0.11786183145424026,0.07306784766872228,0.09438146053814579,0.18734980382814848,0.05612804394696554,0.16211600084610375,0.19790021755248596,0.11119479416518793
Federal politics,X_BTCUSD,1h,Vol,0.13283158290568445,0.07161926059569651,0.08834761422883591,0.18057131033870777,0.04776304642680228,0.1643526991531645,0.2167937652364231,0.09772072111468556
Federal politics,X_BTCUSD,1d,Vol,0.08713898852444114,0.04897702798932279,0.0682417211152258,0.13622723321991784,0.06807254978774882,0.34686401749944445,0.16942368452721657,0.0750547773366827
Federal politics,CL,5m,Vol,0.12594486180068035,0.07687560394248164,0.08564123657237299,0.23041707592265456,0.056881556083451607,0.15815713555549424,0.11166573529385057,0.1544167948290141
Federal politics,CL,15m,Vol,0.14309500433002315,0.07691100300007189,0.08131320554384214,0.18351661070565858,0.05034740652681481,0.15200391753719103,0.14167786511355085,0.1711349872428475
Federal politics,CL,30m,Vol,0.1650463572011712,0.12373639964175881,0.07560189076005437,0.14364795987001386,0.025700875916749952,0.1238041802877297,0.13019285852967755,0.21226947779284466
Federal politics,CL,1h,Vol,0.17899522516388805,0.10685474274332724,0.06523946025514007,0.23752900078224334,0.05438429365544396,0.11067960223935941,0.10791044000801034,0.1384072351525876
Federal politics,CL,1d,Vol,0.09118652992648901,0.03880839164839167,0.03225041696064113,0.39172475381300975,0.04775063612488148,0.20993199222912723,0.11533037829685668,0.0730169010006031
Federal politics,ES,5m,Vol,0.062416611498154397,0.08205167540835115,0.04294330009935649,0.07717753024478236,0.20143611625570798,0.10797194121520981,0.338447561465245,0.08755526381319285
Federal politics,ES,15m,Vol,0.051659731193539525,0.06603749229470912,0.04355989981946802,0.06356630719254064,0.2986086328728407,0.06647729099833365,0.33496330253575396,0.0751273430928145
Federal politics,ES,30m,Vol,0.055910923888463776,0.04759425175899757,0.043590180849697686,0.05875129440589408,0.10915043144415142,0.05058864543626842,0.5814656309123674,0.052948641304159785
Federal politics,ES,1h,Vol,0.10551177573844028,0.04439482300263462,0.0528775244668167,0.047420388008200955,0.06256687473830623,0.06983914394234478,0.4629598024983494,0.15442966760490717
Federal politics,ES,1d,Vol,0.0020882654538002116,0.00896698771781532,0.003014067032468632,0.007141984671880291,0.6752311640530597,0.006853393066876692,0.29181808743687804,0.004886050567221082
Federal politics,YM,5m,Vol,0.07889363780424957,0.08127085771903574,0.05217380735400414,0.08374708466617856,0.19380364404299577,0.12436146475283953,0.27741771512011376,0.10833178854058297
Federal politics,YM,15m,Vol,0.04604124723035318,0.05172780623301401,0.041420112594492436,0.26417932190453164,0.06580388385304137,0.066872911951188,0.3830242359697904,0.08093048026358902
Federal politics,YM,30m,Vol,0.0882163517933728,0.05756968883072783,0.06499303757065843,0.0662938902601129,0.05988401150409558,0.08384352407900739,0.4845678404510985,0.0946316555109266
Federal politics,YM,1h,Vol,0.1174091890387128,0.05241253782026983,0.057067519497307526,0.07345070198046465,0.03458702872363862,0.12413436814609867,0.38059775328334416,0.1603409015101638
Federal politics,YM,1d,Vol,0.01118211599956079,0.010666689290206928,0.008579166003945787,0.13784923080498637,0.14087249634528107,0.06371503103903754,0.6120986254624627,0.015036645054518773
Federal politics,ZN,5m,Vol,0.1002607702056776,0.05352535022153346,0.08341967285609753,0.23690724465963886,0.0543688757368151,0.20289720095248207,0.13917276661217054,0.1294481187555849
Federal politics,ZN,15m,Vol,0.12286719564337283,0.06982416419923063,0.07230671197285833,0.161972276011378,0.04565842780543657,0.21195754582332074,0.147608669452092,0.16780500909231086
Federal politics,ZN,30m,Vol,0.10456149489028607,0.05106294068729893,0.08850447694385329,0.23658999284353965,0.0736982688906427,0.17686615543373504,0.14097827927018727,0.12773839104045703
Federal politics,ZN,1h,Vol,0.11663011102571653,0.05602672289074479,0.055386695899189826,0.291672571793957,0.04035545080288574,0.17636073680753575,0.11819086218156519,0.14537684859840524
Federal politics,ZN,1d,Vol,0.0938138972556565,0.05462920647399449,0.04858111497209529,0.36203905172604595,0.04664571994246011,0.17660977810110054,0.10865191035831527,0.10902932117033176
Federal politics,I_NDX,5m,Vol,0.058695164711355254,0.03669524855624473,0.03820089220210169,0.10329953414415363,0.07936802438891165,0.09413701525770425,0.5245880290799181,0.06501609165961075
Federal politics,I_NDX,15m,Vol,0.03974195245901726,0.02810529736567156,0.025956539484785393,0.05710389924281023,0.081337468670795,0.056147322664312986,0.667375597861301,0.04423192225130662
Federal politics,I_NDX,30m,Vol,0.03441874630021076,0.024964732519096634,0.02174206573694218,0.05842715779274367,0.05509125162203065,0.055500257600824374,0.7153294516941898,0.034526336733961986
Federal politics,I_NDX,1h,Vol,0.032055247622035106,0.022921140337806366,0.019829993021322392,0.05211810460206893,0.07324527789348549,0.057592167582955,0.7133576124801935,0.028880456460133284
Federal politics,I_NDX,1d,Vol,0.01768322155597374,0.01279461104793879,0.024535012251658238,0.10518485136941873,0.27030010253636844,0.14579218744672584,0.4045990423344935,0.01911097145742276
Federal politics,X_BTCUSD,5m,Beta,0.1381119567449982,0.07822131141156104,0.07004628955279825,0.19976368143576576,0.043761471421362365,0.23464806860796586,0.10527947393184581,0.13016774689370283
Federal politics,X_BTCUSD,15m,Beta,0.14295284066856184,0.08137070671844863,0.09168109400490174,0.14764669530983662,0.059840424034372834,0.1768449850219786,0.14556108091267816,0.1541021733292216
Federal politics,X_BTCUSD,30m,Beta,0.13365192753876545,0.0757669047368112,0.0921880064008562,0.15701274864436998,0.05717274246790918,0.1754468855482698,0.15197295153598642,0.1567878331270318
Federal politics,X_BTCUSD,1h,Beta,0.11809796960759714,0.08790594215823434,0.07792575395377917,0.14689813002738508,0.06697593676489509,0.2135598174889757,0.1305326193668472,0.15810383063228622
Federal politics,X_BTCUSD,1d,Beta,0.13015580520746875,0.05691848950246057,0.07747421469963525,0.19318978388006536,0.049283680133319824,0.2202951263994781,0.144715003318294,0.1279678968592782
Federal politics,CL,5m,Beta,0.14640669957299346,0.0713855143061626,0.068211010787859,0.27472046024861607,0.02604501611559595,0.14935466842436015,0.14301245678772587,0.12086417375668694
Federal politics,CL,15m,Beta,0.15272208131604087,0.06843599886097654,0.0779998014272421,0.2309786139937692,0.03519292707483314,0.18808123888679812,0.11991424224892476,0.1266750961914154
Federal politics,CL,30m,Beta,0.12355773030924198,0.061426074921556946,0.07792782565555592,0.22639114011104125,0.021832550776211143,0.1765136568863658,0.08768656945598641,0.2246644518840406
Federal politics,CL,1h,Beta,0.09721052019910247,0.058596139254271505,0.0673295311050433,0.2847277815507085,0.04498887092156449,0.1717699464597789,0.15073560983593542,0.12464160067359545
Federal politics,CL,1d,Beta,0.10717807516196914,0.05799059300064906,0.05161568867244119,0.20570197686023228,0.07285024650876223,0.16833451394703025,0.2512339949877684,0.08509491086114744
Federal politics,ES,5m,Beta,0.0,0.0,0.0,0.0,0.0,0.0,0.0,0.0
Federal politics,ES,15m,Beta,0.0,0.0,0.0,0.0,0.0,0.0,0.0,0.0
Federal politics,ES,30m,Beta,0.0,0.0,0.0,0.0,0.0,0.0,0.0,0.0
Federal politics,ES,1h,Beta,0.0,0.0,0.0,0.0,0.0,0.0,0.0,0.0
Federal politics,ES,1d,Beta,0.0,0.0,0.0,0.0,0.0,0.0,0.0,0.0
Federal politics,YM,5m,Beta,0.10703339410177588,0.061320288401605555,0.036759076724721375,0.22338894337963472,0.028822697601285707,0.36767347977862513,0.10735082813131676,0.067651291881035
Federal politics,YM,15m,Beta,0.11670551131927044,0.0770487012803043,0.07376591127003189,0.2161200138450441,0.03435462626806472,0.2226616387292695,0.11405428611220744,0.1452893111758076
Federal politics,YM,30m,Beta,0.12668395820815337,0.09341929258988001,0.06760106179535284,0.17171525691778963,0.047938658262908246,0.17958541781683113,0.16700529566658784,0.14605105874249696
Federal politics,YM,1h,Beta,0.07855934211662718,0.07158109567338607,0.042914587845537346,0.20030850083558746,0.10058850715630897,0.18509558730253445,0.2114568218175861,0.10949555725243248
Federal politics,YM,1d,Beta,0.08971227451095537,0.052359229948343966,0.05449347727291554,0.23530692363362768,0.060448592583797936,0.27179236948419966,0.1439682103845915,0.09191892218156834
Federal politics,ZN,5m,Beta,0.095376733785658,0.05664775701466853,0.06828499708731921,0.24623778783638575,0.04546102016545097,0.25161117173225295,0.10629394529520657,0.13008658708305812
Federal politics,ZN,15m,Beta,0.1140332657444798,0.055308701682221906,0.08034405098478703,0.20096697327553212,0.05289842024896078,0.2012568742586372,0.15180131118478737,0.14339040262059385
Federal politics,ZN,30m,Beta,0.07909121613740416,0.05839849668069209,0.05942241835925617,0.3589762573813819,0.035399009458290796,0.18867398899976637,0.11212337860339644,0.10791523437981207
Federal politics,ZN,1h,Beta,0.08637034257943284,0.04318789413337088,0.07302087041843089,0.280421777243179,0.0458061519623425,0.1858962219913919,0.13217693793577312,0.15311980373607884
Federal politics,ZN,1d,Beta,0.06518763299604254,0.03866268222665568,0.049741239175143726,0.31235940708188364,0.051985617519770794,0.2230538242341846,0.17699878152819323,0.08201081523812581
Federal politics,I_NDX,5m,Beta,0.13055123151552786,0.07110952871219892,0.0839593337614612,0.1635571617769314,0.04897792009890703,0.22539464001197598,0.13574294065762937,0.1407072434653683
Federal politics,I_NDX,15m,Beta,0.11773562192583224,0.05494797398368703,0.0959673437155007,0.2115701051744595,0.04891946107446223,0.21826098382385695,0.1389399302499868,0.11365858005221456
Federal politics,I_NDX,30m,Beta,0.10657844327978,0.061450402722690776,0.07946283109079057,0.2888427310974226,0.05628249947815815,0.16858870091433723,0.1321840872214776,0.10661030419534324
Federal politics,I_NDX,1h,Beta,0.10107995613882122,0.05926497156407294,0.06500883910356299,0.2655544037800444,0.052055075592479946,0.21646942963369314,0.15218890067237228,0.08837842351495316
Federal politics,I_NDX,1d,Beta,0.061356917022366175,0.04052226045455574,0.04609072930109293,0.26745128337528506,0.05856520981715154,0.2681604818671936,0.19149522149712842,0.06635789666522661
Iran war/Oil,X_BTCUSD,5m,Return,0.14993212727688165,0.10995093826665428,0.10501869810545021,0.13914511062485815,0.05844443987297206,0.13812346856666113,0.0922273937455518,0.20715782354097076
Iran war/Oil,X_BTCUSD,15m,Return,0.1803378132910262,0.11495305102547763,0.09989107927983373,0.10202052350112681,0.03835596472292217,0.20635168516928212,0.09426423489654816,0.16382564811378325
Iran war/Oil,X_BTCUSD,30m,Return,0.22858213291926616,0.10354605523138256,0.09738677709627312,0.09261252696198091,0.03796485300181888,0.19293424485545943,0.07317110132504578,0.17380230860877313
Iran war/Oil,X_BTCUSD,1h,Return,0.1959850382911157,0.07054197684908067,0.0930720085456695,0.1706355210002598,0.04324459405147933,0.17962766448076412,0.09737471546923636,0.14951848131239448
Iran war/Oil,X_BTCUSD,1d,Return,0.12556101929280497,0.0711113738558877,0.06036149568787355,0.30638607183337097,0.05701278581356051,0.1737125000153552,0.058443498020144924,0.14741125548100226
Iran war/Oil,CL,5m,Return,0.13960475053933874,0.04828472939858855,0.1563468107800775,0.16383493282239256,0.05734926791366339,0.14059464061623164,0.11256919047807325,0.18141567745163437
Iran war/Oil,CL,15m,Return,0.12021005427602381,0.07200751528082326,0.03804533222797886,0.22697245821782158,0.05159599189030529,0.22128252306914406,0.1323980139662721,0.137488111071631
Iran war/Oil,CL,30m,Return,0.11431161296095331,0.050603821190772835,0.051564885235233664,0.20741807192805933,0.061133479223213945,0.1923473470987304,0.07652603155268452,0.246094750810352
Iran war/Oil,CL,1h,Return,0.11158463873922944,0.04056191795114669,0.04056375416914866,0.32169686267040554,0.03628275627076263,0.27259381788886494,0.08440112453967785,0.09231512777076427
Iran war/Oil,CL,1d,Return,0.03567067941890495,0.038958732053058144,0.04936460570884367,0.5563759147914419,0.045546382425050574,0.08748962911316681,0.1035953783762901,0.08299867811324388
Iran war/Oil,ES,5m,Return,0.14083651527979757,0.07641550914702276,0.0756505179449529,0.14827681296775122,0.08762880812870824,0.09312341969703723,0.16599346255338276,0.21207495428134737
Iran war/Oil,ES,15m,Return,0.16340412172707736,0.13327302182359843,0.08690191285639344,0.1363103547355216,0.03315710077094973,0.19339361525526588,0.10425799763345336,0.1493018751977402
Iran war/Oil,ES,30m,Return,0.1523801977048026,0.09874814367976374,0.0541525599251214,0.14183243652874947,0.045626230511136116,0.19919919575356482,0.13967050059917063,0.16839073529769127
Iran war/Oil,ES,1h,Return,0.11582285506576186,0.06679295875026764,0.057571715170850093,0.22792348610896074,0.059213077539127024,0.1965173672209619,0.1729952664225255,0.10316327372154536
Iran war/Oil,ES,1d,Return,0.008669981147461706,0.0054093357112295765,0.01905591558168071,0.6537614097208945,0.16876790786295667,0.06503009461160573,0.07338285603259875,0.005922499331572272
Iran war/Oil,YM,5m,Return,0.08510729105839014,0.056527214713192275,0.06238425470659869,0.17028658678895792,0.0763454646039698,0.11931181370864515,0.14483279059879664,0.2852045838214494
Iran war/Oil,YM,15m,Return,0.14086384962749274,0.1256208729151733,0.06435454695550664,0.12006687210304777,0.044086540683229584,0.2140616848242432,0.143051036968847,0.1478945959224599
Iran war/Oil,YM,30m,Return,0.18541346981667978,0.10181750633197707,0.06730301560290489,0.15466281538070187,0.04339758806498663,0.1799253254181221,0.08905472805845323,0.17842555132617452
Iran war/Oil,YM,1h,Return,0.15422431662702538,0.07054498303797742,0.07252847439902844,0.19188828871454414,0.05875410809791644,0.18531896784647126,0.16081643710922566,0.1059244241678113
Iran war/Oil,YM,1d,Return,0.019925907888699964,0.016176228740294795,0.010843218260470154,0.621863235799271,0.1214870076411379,0.1177762949707168,0.07309463689220766,0.01883346980720177
Iran war/Oil,ZN,5m,Return,0.12021378782572174,0.07639542296061234,0.10140333316270811,0.139730371772179,0.13491699441858776,0.14616961194732578,0.0925670140528825,0.18860346385998272
Iran war/Oil,ZN,15m,Return,0.11941007440382612,0.08321812051115579,0.0721604106997369,0.23916992440461673,0.05107375497879035,0.21033750691377634,0.08244227093922568,0.14218793714887204
Iran war/Oil,ZN,30m,Return,0.08745542010950158,0.047636330149991225,0.06313154753485552,0.19947608259557748,0.07303666963830956,0.2216087605854278,0.12299446452838826,0.1846607248579487
Iran war/Oil,ZN,1h,Return,0.12001289201439351,0.0977538769499642,0.11029668550491546,0.18591952073603743,0.05290501290779437,0.18024536057339438,0.10533489060267028,0.14753176071083046
Iran war/Oil,ZN,1d,Return,0.10001218647276446,0.07364667413999663,0.13085987248762804,0.21487584792758277,0.06280385037938375,0.17322420798494242,0.1260058178537746,0.1185715427539273
Iran war/Oil,I_NDX,5m,Return,0.09470095088227207,0.08798763278555917,0.04226538563276655,0.1778443130583453,0.26554659091744276,0.1391015954439991,0.10320422886309773,0.08934930241651748
Iran war/Oil,I_NDX,15m,Return,0.12887250883569484,0.1582310221081208,0.10949138747321834,0.13809876386076386,0.054914556139295086,0.19706390050830744,0.08480460153223504,0.12852325954236457
Iran war/Oil,I_NDX,30m,Return,0.09839370919333183,0.09549826900027178,0.11054524582478382,0.12338410382962943,0.08507666994991334,0.2759426644708505,0.10030146758020038,0.11085787015101901
Iran war/Oil,I_NDX,1h,Return,0.07175348334596968,0.05040788209208351,0.07541701684200063,0.20864216726049845,0.13145190612491936,0.2452455385292692,0.13332899068341636,0.08375301512184273
Iran war/Oil,I_NDX,1d,Return,0.027057300492041993,0.017093471505080365,0.025062723602122743,0.2053563789908628,0.03217198489107637,0.6306975492794545,0.037126588818741785,0.025434002420619457
Iran war/Oil,X_BTCUSD,5m,Vol,0.15082845045373516,0.06831280458448569,0.06983277376115965,0.1949392516857272,0.04969624629073011,0.1396527934254506,0.12597317729284657,0.20076450250586508
Iran war/Oil,X_BTCUSD,15m,Vol,0.1699821977725873,0.120246004485351,0.06821797906182982,0.13841418687473148,0.07952774160610092,0.12074257268360922,0.13803611104782276,0.16483320646796748
Iran war/Oil,X_BTCUSD,30m,Vol,0.15458654417491244,0.18430735890810537,0.06344114400676217,0.1027571876931421,0.05093823709800474,0.14664099209215356,0.15758570055776983,0.13974283546914973
Iran war/Oil,X_BTCUSD,1h,Vol,0.14293805915645877,0.21482378459109827,0.06758330295302298,0.1071263335938007,0.05454271300949481,0.11076686332185787,0.20434071760319303,0.09787822577107348
Iran war/Oil,X_BTCUSD,1d,Vol,0.19401511626452536,0.06927277935832887,0.06607851850469387,0.13482356938543805,0.08251276195958619,0.16370829463732112,0.15420626352398137,0.1353826963661251
Iran war/Oil,CL,5m,Vol,0.060818097211536075,0.0772091781552337,0.0835688396284402,0.11339103626909093,0.039543988840613914,0.1676149608983109,0.20183187589788043,0.2560220230988939
Iran war/Oil,CL,15m,Vol,0.11077512118875163,0.05590364572489637,0.05375258312915849,0.11839736772804488,0.04297461497155218,0.2110126232818996,0.2198147595693576,0.18736928440633924
Iran war/Oil,CL,30m,Vol,0.13031592735133632,0.06774132439497332,0.06504664411010973,0.09202028130570843,0.07694242643657093,0.1671985454509681,0.23835600168803253,0.16237884926230076
Iran war/Oil,CL,1h,Vol,0.13770921694864688,0.05989234969868137,0.03686771735529994,0.08128936145914993,0.14804060837045216,0.13791854360933023,0.21260211300233006,0.18568008955610946
Iran war/Oil,CL,1d,Vol,0.057720272928745646,0.02906265132195905,0.07344803331694964,0.1434200493979245,0.1592631221085877,0.24069287042438212,0.20284236356751786,0.09355063693393352
Iran war/Oil,ES,5m,Vol,0.0677866357111649,0.046794875273678725,0.025457145349486954,0.13092117064165942,0.1361311528933517,0.2545161887177291,0.23348207139285967,0.10491076002006959
Iran war/Oil,ES,15m,Vol,0.09534032593923987,0.06324283773122058,0.04214810410262698,0.06349571764691224,0.18019168476487146,0.22618664606861877,0.24194663435304062,0.08744804939346949
Iran war/Oil,ES,30m,Vol,0.07435100960616721,0.06353997211393246,0.04150122675819314,0.06444396370497732,0.1995035636054021,0.19874025821978938,0.28151214212934883,0.07640786386218959
Iran war/Oil,ES,1h,Vol,0.055207201717838494,0.05824809641650059,0.03497605610351894,0.04958551168908105,0.18995944036832674,0.09151527244833767,0.46686286051498643,0.05364556074141013
Iran war/Oil,ES,1d,Vol,0.01895861629338391,0.006583381584914697,0.011409471288225123,0.07726964731624562,0.7828411916670759,0.03610603759810051,0.05584377208706439,0.010987882164989835
Iran war/Oil,YM,5m,Vol,0.06445307232552384,0.08012222474118837,0.03352852325609955,0.11537921646803243,0.12903200726086758,0.260222690064462,0.1529948245297833,0.16426744135404295
Iran war/Oil,YM,15m,Vol,0.0925700766251323,0.0803738549070235,0.058643678346120866,0.08647600760866272,0.21357969649064504,0.1921536736310831,0.13860402000412728,0.13759899238720524
Iran war/Oil,YM,30m,Vol,0.107901745897969,0.0754280429702337,0.05328141396326831,0.06794839736372475,0.18085863864174498,0.1944738048461666,0.2235335854187252,0.09657437089816756
Iran war/Oil,YM,1h,Vol,0.08049148593593475,0.08443288107439657,0.04925046691987867,0.050177065077318644,0.20263334691593404,0.16327850816615935,0.3091306219357312,0.06060562397464684
Iran war/Oil,YM,1d,Vol,0.08331211769749829,0.039809934170660304,0.018387274351295658,0.12069684880294018,0.3144223696402825,0.15253559728485352,0.20803563107682357,0.06280022697564601
Iran war/Oil,ZN,5m,Vol,0.06960795255459669,0.04238920535449637,0.08156806930371996,0.1281283679903415,0.02590313515056002,0.46126009597309764,0.05843086178833455,0.13271231188485336
Iran war/Oil,ZN,15m,Vol,0.19065553228357657,0.12430164560396383,0.1725373266114199,0.13103196084460736,0.05575034701291474,0.06592749277752917,0.1074285603235695,0.15236713454241893
Iran war/Oil,ZN,30m,Vol,0.07902542948322314,0.02157186296627815,0.032445090768538826,0.4335912953373752,0.013420905766247142,0.3680875246294336,0.012383916409114551,0.039473974639789314
Iran war/Oil,ZN,1h,Vol,0.13618290672585817,0.09766512435287794,0.21804455684320181,0.15804638444188301,0.04727765719919164,0.13932073743863463,0.07385599930889676,0.12960663368945605
Iran war/Oil,ZN,1d,Vol,0.07384253807214049,0.07758820900709912,0.0975976134837152,0.1885072692056554,0.04080808664279719,0.27030037462003725,0.054060368561394005,0.19729554040716138
Iran war/Oil,I_NDX,5m,Vol,0.07164595337437157,0.05387213884270543,0.04521970936768144,0.11497508664612408,0.05354821399947575,0.19365557206229597,0.3663040774740056,0.10077924823334033
Iran war/Oil,I_NDX,15m,Vol,0.06218677935512539,0.03370082559932132,0.038474306829180495,0.0671802420714187,0.1118566730366068,0.10235574975636454,0.4882760637245337,0.0959693596274491
Iran war/Oil,I_NDX,30m,Vol,0.05638969686513923,0.040081199975684455,0.02956809401814342,0.09180446626010276,0.090680614779979,0.14633730345337148,0.4583930053491583,0.08674561929842138
Iran war/Oil,I_NDX,1h,Vol,0.04613594974543157,0.06652337614382829,0.03301905237719751,0.06508802628411829,0.06930242702162118,0.2419933885864242,0.4193104404486978,0.05862733939268115
Iran war/Oil,I_NDX,1d,Vol,0.03023790661151177,0.023531923101693438,0.016077237415758783,0.494469476054574,0.08457249636510583,0.1688014000889177,0.1589962254076626,0.02331333495477593
Iran war/Oil,X_BTCUSD,5m,Beta,0.11051296626138728,0.20591635428235106,0.09893726208321446,0.10827366379418563,0.05998215620084139,0.14179384745374055,0.11666333400378555,0.15792041592049413
Iran war/Oil,X_BTCUSD,15m,Beta,0.1646475886261848,0.17124514859510956,0.061889112791881924,0.12101632045114778,0.10182835795770546,0.11664655049773406,0.12211623360742344,0.14061068747281297
Iran war/Oil,X_BTCUSD,30m,Beta,0.18345179472592885,0.1463759019149071,0.10412629017996135,0.1090940589449679,0.08795838632388858,0.09704752278694885,0.11828090737556735,0.15366513774783
Iran war/Oil,X_BTCUSD,1h,Beta,0.24941175140302857,0.14754032211048865,0.14172252275468944,0.08717224665407923,0.07395210895874832,0.09108568964560146,0.08950231363199192,0.11961304484137257
Iran war/Oil,X_BTCUSD,1d,Beta,0.19197642052852837,0.07799631961887128,0.08529035030331228,0.16397121711556548,0.05357762311539404,0.1371285243982278,0.13899137798626862,0.15106816693383224
Iran war/Oil,CL,5m,Beta,0.09964689411542203,0.07306587708016526,0.06102962663035297,0.19788498008776303,0.04319959128035143,0.24825878652672562,0.18198384758742,0.09493039669179977
Iran war/Oil,CL,15m,Beta,0.09299086803518253,0.055675938901001226,0.05958233527595136,0.20091966884186765,0.03394613489650051,0.2327188306790826,0.17614428094679363,0.1480219424236205
Iran war/Oil,CL,30m,Beta,0.12148218380202964,0.0674226168313577,0.07416498876429073,0.14436615376311301,0.04154477260570689,0.14663887774567003,0.23158972391015398,0.17279068257767805
Iran war/Oil,CL,1h,Beta,0.12543786089234743,0.05547195417983609,0.07352321173968521,0.17892629810530977,0.1230577331975329,0.15641178575679712,0.20367931951989743,0.0834918366085941
Iran war/Oil,CL,1d,Beta,0.09229603101166692,0.05146278188797302,0.08728834578026509,0.17975782120966466,0.0536625961320361,0.11965597392656165,0.3030329439986709,0.11284350605316165
Iran war/Oil,ES,5m,Beta,0.0,0.0,0.0,0.0,0.0,0.0,0.0,0.0
Iran war/Oil,ES,15m,Beta,0.0,0.0,0.0,0.0,0.0,0.0,0.0,0.0
Iran war/Oil,ES,30m,Beta,0.0,0.0,0.0,0.0,0.0,0.0,0.0,0.0
Iran war/Oil,ES,1h,Beta,0.0,0.0,0.0,0.0,0.0,0.0,0.0,0.0
Iran war/Oil,ES,1d,Beta,0.0,0.0,0.0,0.0,0.0,0.0,0.0,0.0
Iran war/Oil,YM,5m,Beta,0.14550353021789508,0.04904194716272512,0.05524650122722545,0.15084437900507391,0.054476496596905566,0.18719664458194907,0.12412269640391431,0.23356780480431152
Iran war/Oil,YM,15m,Beta,0.17560339855290275,0.10389810189620972,0.05480745760459855,0.10115164098630514,0.05400408890302444,0.16508931646076658,0.13383285921158086,0.211613136384612
Iran war/Oil,YM,30m,Beta,0.1543373288512441,0.13389225761682605,0.09994336286914644,0.08866528114680108,0.05314975081738407,0.11303484703811628,0.17303181431115053,0.1839453573493315
Iran war/Oil,YM,1h,Beta,0.1840863612197065,0.09220331356045046,0.0920172407180495,0.11041158456440335,0.06141287015044572,0.12281281919664484,0.1866100762478345,0.15044573434246522
Iran war/Oil,YM,1d,Beta,0.08511655325278579,0.04857343972121646,0.05877082584916866,0.3133947967383095,0.04614689553266426,0.12304619005962027,0.25128487816967776,0.07366642067655729
Iran war/Oil,ZN,5m,Beta,0.1384555481252353,0.07700922584698033,0.10240538374761689,0.17573207660274642,0.056491747262570224,0.14549191389318772,0.1377818028717086,0.16663230164995455
Iran war/Oil,ZN,15m,Beta,0.11745292387761132,0.15502929906254262,0.06973308337822488,0.1821387508800541,0.04034896521922682,0.12349164203772045,0.2136992450681679,0.09810609047645183
Iran war/Oil,ZN,30m,Beta,0.27477721256734106,0.05458462957766742,0.17332421902979323,0.14077053425910602,0.08232419907724985,0.060119847232581215,0.09006307749717106,0.12403628075909008
Iran war/Oil,ZN,1h,Beta,0.03313188948878692,0.07493580178411136,0.03683942379838078,0.4612301197571494,0.007983471578779476,0.3303123462490667,0.012529070211361902,0.043037877132363456
Iran war/Oil,ZN,1d,Beta,0.12010215425991838,0.06151087270376535,0.06895979814913028,0.3258647243403612,0.04226428493204626,0.19827607101147218,0.058387261534463,0.12463483306884346
Iran war/Oil,I_NDX,5m,Beta,0.16522453163131817,0.08244677741446883,0.09347130054044818,0.13884808302872612,0.0517263820446599,0.18472564468289765,0.1241915313702953,0.15936574928718586
Iran war/Oil,I_NDX,15m,Beta,0.1469070144096628,0.07959693278182502,0.11957293318572151,0.15512865281794005,0.05632449580333918,0.13656538577520683,0.13043841443921841,0.17546617078708626
Iran war/Oil,I_NDX,30m,Beta,0.10820371104665405,0.06946062707836623,0.11839413653798442,0.10893267991467354,0.057693154989531814,0.14562630148352607,0.21770282445561595,0.17398656449364794
Iran war/Oil,I_NDX,1h,Beta,0.114765799270433,0.06654214118365236,0.07731864038801009,0.17322448965835552,0.09606013357677157,0.09283624015591689,0.1695754852519343,0.2096770705149262
Iran war/Oil,I_NDX,1d,Beta,0.1341857947107095,0.07893088989027343,0.07564869201397713,0.2456824415495082,0.06101399995010527,0.12268297501881494,0.14710878533016858,0.13474642153644292
National security/Immigration,X_BTCUSD,5m,Return,0.15055910998565394,0.06560880502543437,0.07048335856014662,0.15134301715025342,0.0546054420259013,0.18247693050655386,0.11367301228358069,0.21125032446247588
National security/Immigration,X_BTCUSD,15m,Return,0.14329455081066908,0.07976267409249803,0.07182374889477512,0.1743756498448046,0.04513899975826611,0.19438658521098184,0.11310537857258554,0.17811241281541967
National security/Immigration,X_BTCUSD,30m,Return,0.14268680680181797,0.0632970258468149,0.06613115641259072,0.20882917750178026,0.042967903258346686,0.23141744926578078,0.07301390937648303,0.1716565715363856
National security/Immigration,X_BTCUSD,1h,Return,0.1408615179335321,0.06840031293258719,0.08190665750344898,0.18225713740169922,0.041764985031077416,0.16771606581147372,0.07522625679547872,0.2418670665907027
National security/Immigration,X_BTCUSD,1d,Return,0.17057290809142334,0.07148746498549974,0.09377202945946875,0.18783172261946324,0.04557508160881946,0.17202346235738186,0.10920308612426105,0.1495342447536826
National security/Immigration,CL,5m,Return,0.16764884568587984,0.06962663366009642,0.07842887710080164,0.17202082131133978,0.060914519109774454,0.19888539420427534,0.09610574933407802,0.15636915959375464
National security/Immigration,CL,15m,Return,0.17505403698928634,0.08951364028382838,0.08146223896460444,0.16761626199834093,0.04318959168987724,0.19444662718510997,0.08887701398828017,0.1598405889006726
National security/Immigration,CL,30m,Return,0.1365617708491061,0.07129826198703995,0.062122982710666026,0.1992726658852506,0.05097691228702525,0.2009670763878362,0.14931847209895555,0.12948185779412036
National security/Immigration,CL,1h,Return,0.10760721934375651,0.06487380652691174,0.06816128795916555,0.1769601201166762,0.08563782997262372,0.22151309243993236,0.13860003112717167,0.13664661251376223
National security/Immigration,CL,1d,Return,0.11199944383322286,0.0738785281884704,0.05212073961360619,0.17973569252122115,0.07561247361222737,0.2696207533026821,0.15259833022788527,0.0844340387006846
National security/Immigration,ES,5m,Return,0.1349235512073914,0.053079002088310144,0.07242979396703236,0.1070176343223702,0.14520091901612808,0.17257645953995948,0.21984371251806728,0.09492892734074102
National security/Immigration,ES,15m,Return,0.10240275819951442,0.039020554734556644,0.04711394228612809,0.14871008069613564,0.06596793211676581,0.11805833742633105,0.3250168325355752,0.1537095620049932
National security/Immigration,ES,30m,Return,0.13159387314512783,0.059531988621538696,0.055002602340149705,0.1977432843052629,0.06609321978407437,0.17933640952734592,0.10766188518848605,0.20303673708801442
National security/Immigration,ES,1h,Return,0.09647991774019492,0.06914372161110104,0.06963072798123955,0.15633704251938474,0.05211440593616182,0.24594871776600757,0.14284695676331607,0.1674985096825943
National security/Immigration,ES,1d,Return,0.012323970670636973,0.019572968826450852,0.0041115725305935534,0.6188549189618762,0.007877988628020102,0.30538165756420566,0.013639376065224067,0.01823754675299265
National security/Immigration,YM,5m,Return,0.16347523853374563,0.05855959835792383,0.07894335873403611,0.11667586876812464,0.10831860539623356,0.17911313874539703,0.17950861890603922,0.11540557255850012
National security/Immigration,YM,15m,Return,0.09744371764873026,0.04438563285459932,0.05262036634946308,0.1591348090526956,0.07254398320853545,0.13411401222276356,0.27426886430345204,0.16548861435976064
National security/Immigration,YM,30m,Return,0.13245154816191101,0.058688972332943755,0.06214533987667679,0.2319511437106657,0.04694679401422944,0.18144829783455646,0.1015974862846282,0.1847704177843886
National security/Immigration,YM,1h,Return,0.10942820972542079,0.047600267828824615,0.08030315382877928,0.1624634995272728,0.04746216352588908,0.28068020671603056,0.1269272282370803,0.1451352706107027
National security/Immigration,YM,1d,Return,0.03961344564532005,0.022270277057662165,0.02554740914964974,0.6822827345613491,0.025743040325150218,0.1221847866865365,0.04420303126174563,0.03815527531258662
National security/Immigration,ZN,5m,Return,0.12376391407091926,0.05900332198408846,0.07449751498813867,0.1258620348362894,0.07900360939998699,0.14252533791476454,0.21765645904138384,0.1776878077644288
National security/Immigration,ZN,15m,Return,0.12066753501762675,0.06192728035426666,0.08772638871202089,0.16513816513517418,0.07624059797364034,0.15041491380457225,0.1503394402347343,0.18754567876796463
National security/Immigration,ZN,30m,Return,0.11822849021341127,0.04471646420765044,0.09696894641140943,0.14406872553162892,0.036486235119662584,0.1451943468301001,0.24311473472545644,0.17122205696068077
National security/Immigration,ZN,1h,Return,0.11725388073468448,0.05365581847793132,0.0902955614122985,0.15178795590375546,0.07138159909109013,0.16417991571773174,0.18180648449723108,0.1696387841652772
National security/Immigration,ZN,1d,Return,0.1245408856712235,0.050506894691095615,0.061025171449087576,0.2140954568573975,0.08829286034917759,0.21400241788309457,0.13892537643137615,0.10861093666754744
National security/Immigration,I_NDX,5m,Return,0.11000477319033995,0.05005162982043445,0.03822371551334391,0.1219197421252748,0.09039299083792908,0.12343216789324316,0.3756458845368179,0.09032909608261672
National security/Immigration,I_NDX,15m,Return,0.10088417856617328,0.06302889185294758,0.03811241954869679,0.15688313643263693,0.1048294046052318,0.14180290326107942,0.30457528237908404,0.08988378335415009
National security/Immigration,I_NDX,30m,Return,0.1421454612047633,0.10089485312026424,0.06062883386787847,0.17174691484039226,0.053764709257929776,0.15049446937621533,0.13565864373798564,0.18466611459457094
National security/Immigration,I_NDX,1h,Return,0.11490478924474191,0.06785220873373554,0.07632293980999012,0.1931527021325142,0.07172887605882175,0.16989412124930448,0.175007636564645,0.13113672620624697
National security/Immigration,I_NDX,1d,Return,0.03312194751199243,0.016129037975336356,0.02641731657185856,0.25488643877976436,0.021498558022170617,0.5733355111760685,0.042666051168320486,0.03194513879448877
National security/Immigration,X_BTCUSD,5m,Vol,0.1586713100379797,0.07993361572845936,0.08590389283199704,0.12402434224294638,0.06574339040059754,0.1520695101091751,0.1443637978063406,0.18929014084250428
National security/Immigration,X_BTCUSD,15m,Vol,0.12986934352219515,0.1003723326180056,0.06836540682924296,0.19628314902281047,0.05536317344417065,0.13442004809125396,0.1320730079203579,0.18325353855196322
National security/Immigration,X_BTCUSD,30m,Vol,0.10151979448051841,0.1281697610896508,0.06617774914353991,0.21972763342492638,0.05040053751980938,0.1580105458265989,0.12908415062116196,0.14690982789379423
National security/Immigration,X_BTCUSD,1h,Vol,0.11745923599712016,0.10881523926071443,0.06147970462625091,0.1897576577166328,0.0607334024868572,0.1530895283987049,0.16665822286611381,0.14200700864760582
National security/Immigration,X_BTCUSD,1d,Vol,0.15217036398096262,0.06334484454984751,0.07370270603061477,0.17971529699977096,0.0589876028103737,0.22995968661106037,0.15908381133385935,0.08303568768351077
National security/Immigration,CL,5m,Vol,0.1684338517573455,0.06483508006667801,0.10308024895985841,0.11875077318282651,0.05951352208693057,0.2177586677950435,0.13657276543172878,0.13105509071958876
National security/Immigration,CL,15m,Vol,0.14433517298004825,0.0600258124599992,0.0938273941968727,0.19924476291000995,0.061252452622020975,0.21587307484462415,0.09800516958540281,0.1274361604010219
National security/Immigration,CL,30m,Vol,0.13430508864283375,0.03336505143831046,0.054451661676072925,0.1537249450794367,0.030834043722245876,0.11913295440722928,0.38303772016303395,0.09114853487083714
National security/Immigration,CL,1h,Vol,0.14532755298957145,0.04933803448658587,0.06568269752742967,0.11989741931815198,0.06640680854463214,0.13280183495603487,0.3365049403404092,0.0840407118371848
National security/Immigration,CL,1d,Vol,0.14241817547494492,0.06975866125396898,0.04872099001363748,0.22082280775396615,0.08156199007981563,0.23894648684604947,0.13626166559571776,0.06150922298189965
National security/Immigration,ES,5m,Vol,0.18462439250332202,0.053407348553299656,0.1086568063387907,0.1100532216663641,0.058917252148362624,0.1278258207383448,0.2587058446176576,0.09780931343385861
National security/Immigration,ES,15m,Vol,0.11220004200565184,0.05388174522833462,0.0737330764765017,0.0716534929850828,0.04538913327584896,0.12404660012244353,0.42063560515307113,0.09846030475306543
National security/Immigration,ES,30m,Vol,0.07078599803893755,0.05294990427801257,0.052520784186583847,0.053041322098183304,0.1259548134130213,0.07780487630749139,0.5096341271264537,0.05730817455131642
National security/Immigration,ES,1h,Vol,0.06416417513825695,0.07376662301335693,0.04260306718028516,0.05702166634016078,0.1652339557747046,0.06679394582526005,0.47352242964037494,0.05689413708760065
National security/Immigration,ES,1d,Vol,0.00833004225550753,0.00464744265284323,0.004755688712621648,0.00910453248516167,0.3923785128761435,0.006894518950001036,0.5698797342212509,0.00400952784647045
National security/Immigration,YM,5m,Vol,0.17342189893055346,0.08935930149537837,0.07930383891575399,0.11381576107636049,0.0691718143072428,0.08040083990089476,0.2987570059640985,0.09576953940971761
National security/Immigration,YM,15m,Vol,0.10548081521793762,0.11477044902856263,0.04655867188717424,0.15847596378433335,0.06536032076321677,0.19891915100599897,0.22997360155316143,0.08046102675961492
National security/Immigration,YM,30m,Vol,0.13634017805041862,0.07560596396968963,0.04794692136292131,0.06829348572065848,0.12234293818465333,0.06549743589059119,0.38930311671487267,0.09466996010619477
National security/Immigration,YM,1h,Vol,0.1421346635128785,0.09323522835590144,0.05456407231097497,0.07651953057463323,0.11813370701351644,0.08305083967479282,0.3660168332839572,0.06634512527334557
National security/Immigration,YM,1d,Vol,0.03325695962575449,0.03579936209757443,0.025668511190223297,0.1258848930804788,0.337873923792111,0.13714715131484767,0.27444142776336944,0.02992777113564092
National security/Immigration,ZN,5m,Vol,0.13445126819269554,0.05020245368981959,0.09930054190719527,0.1711326686953546,0.04706330336095441,0.1723183783871241,0.16596368993981195,0.15956769582704455
National security/Immigration,ZN,15m,Vol,0.11377121208239473,0.062011634412475015,0.07440591440491938,0.20526863576872703,0.06222471603633435,0.19075334246178835,0.17535641745842204,0.11620812737493906
National security/Immigration,ZN,30m,Vol,0.15421131345562175,0.054217756825822756,0.07887982568300526,0.18756202195308028,0.04490659692028671,0.22694540980198596,0.09578820640310226,0.15748886895709518
National security/Immigration,ZN,1h,Vol,0.18135794050993187,0.061169087827211366,0.11224921084323364,0.14209829060900736,0.04745314093458645,0.1404794454234644,0.0831687312494577,0.23202415260310727
National security/Immigration,ZN,1d,Vol,0.17654113381259756,0.052981967478749434,0.08455285461369284,0.17167056286240537,0.05009738604412836,0.20237286513948916,0.09288146267195456,0.16890176737698276
National security/Immigration,I_NDX,5m,Vol,0.06114471138661644,0.04180150467838739,0.03734630318727975,0.08793387814994154,0.03990133295750085,0.07538087454459452,0.5844176871953823,0.07207370790029714
National security/Immigration,I_NDX,15m,Vol,0.05714732938964361,0.029860930930322778,0.03136247687359274,0.05703252791313736,0.06233333641409244,0.04877828355184789,0.6685394328328789,0.04494568209448431
National security/Immigration,I_NDX,30m,Vol,0.0673639542135454,0.021476516253743676,0.016466582707381307,0.03787354194708769,0.06665125923439362,0.04293675789035712,0.7102422925653425,0.03698909518814878
National security/Immigration,I_NDX,1h,Vol,0.05212960726624886,0.02073667540694906,0.014759831824569159,0.050761608238445194,0.07733697911218843,0.03790788212948913,0.7083427580965479,0.03802465792556216
National security/Immigration,I_NDX,1d,Vol,0.03260460133203089,0.021113323663472437,0.023669435114611555,0.08190208235340682,0.08735760066020688,0.23333422970011397,0.48193629819755623,0.038082428978601285
National security/Immigration,X_BTCUSD,5m,Beta,0.1406858335855277,0.10097702316195599,0.10186035946194565,0.15859380326757136,0.0524133924169748,0.14090497007824468,0.13815758737211092,0.166407030655669
National security/Immigration,X_BTCUSD,15m,Beta,0.16205789506096893,0.10196613100085039,0.08650268825744943,0.11963300414055213,0.07518453024832447,0.13102315426687353,0.14037442864033442,0.1832581683846467
National security/Immigration,X_BTCUSD,30m,Beta,0.16455217947219664,0.08134765045268327,0.0870665886065111,0.13666654697638497,0.0501087903446271,0.15917572485623177,0.17281253330851332,0.14826998598285193
National security/Immigration,X_BTCUSD,1h,Beta,0.15806743425880515,0.09229092696944166,0.10123310730171875,0.13457926194071618,0.048388920614784066,0.1792481477077536,0.13297765507738732,0.15321454612939328
National security/Immigration,X_BTCUSD,1d,Beta,0.13798908618165792,0.06036583379854897,0.05827595868327236,0.16344079330305206,0.04048578499172978,0.2640571207413492,0.11719471814145158,0.15819070415893818
National security/Immigration,CL,5m,Beta,0.148401862509553,0.11664583807881179,0.059841108198041455,0.2305062836483716,0.02601918432767901,0.2266254846634466,0.09926038538470516,0.0926998531893915
National security/Immigration,CL,15m,Beta,0.13595875664773777,0.08185278973659721,0.09578393372299938,0.1902482128197834,0.05989155580711343,0.18025482459632958,0.11021369736961682,0.14579622929982247
National security/Immigration,CL,30m,Beta,0.190451497404276,0.09665339804389499,0.07706534772429967,0.1577994295135156,0.02440172717038683,0.1760579068058361,0.1303315956505248,0.14723909768726617
National security/Immigration,CL,1h,Beta,0.10472177631120311,0.06626625217483095,0.041838766203286096,0.25890679204279077,0.08614601201526124,0.11640384441362192,0.23269580975450171,0.09302074708450413
National security/Immigration,CL,1d,Beta,0.10216524314397027,0.05317148370307939,0.030393038909434348,0.23855047885544556,0.1267417918282523,0.2180013280575673,0.16410811459052815,0.0668685209117227
National security/Immigration,ES,5m,Beta,0.0,0.0,0.0,0.0,0.0,0.0,0.0,0.0
National security/Immigration,ES,15m,Beta,0.0,0.0,0.0,0.0,0.0,0.0,0.0,0.0
National security/Immigration,ES,30m,Beta,0.0,0.0,0.0,0.0,0.0,0.0,0.0,0.0
National security/Immigration,ES,1h,Beta,0.0,0.0,0.0,0.0,0.0,0.0,0.0,0.0
National security/Immigration,ES,1d,Beta,0.0,0.0,0.0,0.0,0.0,0.0,0.0,0.0
National security/Immigration,YM,5m,Beta,0.13022468074541682,0.13855197006088366,0.0756742626333537,0.2475525185351516,0.027411336773787518,0.19471584646549986,0.08607451029934061,0.09979487448656632
National security/Immigration,YM,15m,Beta,0.14340094557068622,0.1151323215577344,0.07393435014136739,0.14943188613725827,0.05629407409486399,0.15751480640362292,0.10866839096557164,0.19562322512889505
National security/Immigration,YM,30m,Beta,0.17113474522473326,0.10733224603242998,0.06588016395543903,0.11516518159301704,0.05324244280429797,0.15835881406203384,0.10313382224172939,0.22575258408631962
National security/Immigration,YM,1h,Beta,0.15307258994300546,0.07835490324416973,0.06668984750239376,0.16425573178245786,0.09152022717358589,0.23204427570915603,0.11446540202503339,0.09959702262019789
National security/Immigration,YM,1d,Beta,0.1262735842835297,0.07221398235369661,0.05865600382231003,0.17194988425669447,0.06279088624663798,0.19448840455881414,0.14555960602114998,0.16806764845716704
National security/Immigration,ZN,5m,Beta,0.10393787602114175,0.05617665429376051,0.0767001935051416,0.1774197691836644,0.0895681670949182,0.17515817561561914,0.1840711237471865,0.13696804053856784
National security/Immigration,ZN,15m,Beta,0.10959943451230682,0.058657682748743084,0.08812997553597186,0.18802704970912654,0.03581172866621301,0.19309977755039495,0.20489807348352493,0.12177627779371887
National security/Immigration,ZN,30m,Beta,0.21355847000370193,0.02800900249564318,0.09650879111509482,0.21341801365244434,0.051218092643942205,0.11966466630273252,0.09935077919754697,0.17827218458889388
National security/Immigration,ZN,1h,Beta,0.17340722201862632,0.05031843316904355,0.10467354588896273,0.15756269831325034,0.08874108320884277,0.1669775778321274,0.13458637637337803,0.12373306319576889
National security/Immigration,ZN,1d,Beta,0.10521302501220875,0.05138328100529595,0.06275932624823642,0.20906047362909352,0.06943823198899306,0.21669250386534947,0.17650619290378805,0.10894696534703488
National security/Immigration,I_NDX,5m,Beta,0.11190357936321854,0.05522344656624764,0.08762514062399955,0.1427879645053771,0.05408041379027613,0.19242711602595455,0.2009774921057207,0.15497484701920589
National security/Immigration,I_NDX,15m,Beta,0.16522871787310586,0.07256580160267567,0.1010522296346852,0.19207156361288125,0.04575386244726686,0.1361086021203802,0.11755689575797984,0.16966232695102515
National security/Immigration,I_NDX,30m,Beta,0.11497932827626624,0.0591229920844319,0.06803674145222997,0.2893609326089027,0.04578159890733677,0.15738736494124667,0.13421353041629341,0.13111751131329236
National security/Immigration,I_NDX,1h,Beta,0.15681409119966563,0.06052981198808268,0.06416028487286253,0.2102642179962496,0.04612868911190651,0.1280453420170547,0.18383422811694086,0.1502233346972375
National security/Immigration,I_NDX,1d,Beta,0.12021702181297009,0.056140454699335526,0.06033527668148331,0.16743968026738584,0.08440043651054568,0.2039109396216513,0.14794025205114322,0.15961593835548502
Tariffs,X_BTCUSD,5m,Return,0.10976025647822908,0.06965487220189143,0.0881965286126425,0.13398041111347503,0.0445029612387988,0.31825469241248694,0.11505696538318436,0.1205933125592918
Tariffs,X_BTCUSD,15m,Return,0.10431491419905406,0.06587757841492212,0.1312815211655497,0.1157101882776464,0.059781488935768436,0.16888500630940434,0.13305590931286798,0.2210933933847869
Tariffs,X_BTCUSD,30m,Return,0.12865510902784166,0.07084372259316916,0.1047399753804395,0.1611386154978297,0.05087629323359354,0.2160760575008985,0.1280544130177855,0.13961581374844234
Tariffs,X_BTCUSD,1h,Return,0.21643970994832237,0.10634694410938711,0.08009879026524988,0.13784857293493227,0.04564910539560693,0.15557067017239368,0.12001715424081093,0.13802905293329681
Tariffs,X_BTCUSD,1d,Return,0.09423555908386115,0.050534638852717396,0.07566489521807959,0.29459268697844565,0.0844245107681806,0.16428026108409027,0.15457401908386462,0.0816934289307608
Tariffs,CL,5m,Return,0.2039095885907664,0.0775260469760353,0.10167290665880674,0.12962169845705407,0.05031328649568979,0.16789319333029848,0.09686345583579134,0.17219982365555786
Tariffs,CL,15m,Return,0.1934754328693755,0.0857337518028363,0.07922788164170196,0.13971219212638258,0.05686380462315419,0.17461004060390295,0.15850013252743317,0.11187676380521344
Tariffs,CL,30m,Return,0.1467748408162503,0.0692155045256409,0.09214057837735762,0.15380175003246027,0.05419590596920815,0.24989862963301746,0.1192447550436219,0.11472803560244334
Tariffs,CL,1h,Return,0.10147066852989059,0.07431952847381462,0.054115060231902955,0.17164119251298626,0.043529815739171945,0.2555833333001606,0.2004381379172584,0.09890226329481466
Tariffs,CL,1d,Return,0.05237805525198456,0.05295812846951814,0.0448446142055873,0.3680750074078818,0.05058856368817146,0.2325992333304344,0.1410301693768179,0.05752622826960454
Tariffs,ES,5m,Return,0.08265283933213297,0.04911543250162248,0.035095017648257114,0.15927545016275468,0.11776302074090488,0.2566644100128901,0.21877612192395463,0.08065770767748329
Tariffs,ES,15m,Return,0.07316934098249873,0.04412083927313388,0.04652564352223896,0.265237638575764,0.05295312479876491,0.20750958872680086,0.25520929108444357,0.05527453303635506
Tariffs,ES,30m,Return,0.10103746288119778,0.06254397638206548,0.05968660351346968,0.13679782570255405,0.09080956820232623,0.2309512287364899,0.22145212900748862,0.09672120557440818
Tariffs,ES,1h,Return,0.09973226714288395,0.04938946122598288,0.08068532570999869,0.25462666409356327,0.0733285765608476,0.21575905933115372,0.13527203948125344,0.09120660645431648
Tariffs,ES,1d,Return,0.01136181412619106,0.009965980527513026,0.010972579904874461,0.5152450809768291,0.12232024864890516,0.2345486466532184,0.08947134346947797,0.006114305692990978
Tariffs,YM,5m,Return,0.09711842746509687,0.049244613928513245,0.04574979376308065,0.15093686944294424,0.1423041041222359,0.20117607332677478,0.18745302461451033,0.1260170933368441
Tariffs,YM,15m,Return,0.08213468634123472,0.04816443418647985,0.0598372899372709,0.27620254198823624,0.06624764717154073,0.14205544910240736,0.24128312355192164,0.08407482772090853
Tariffs,YM,30m,Return,0.10225827050629607,0.06518351203245096,0.06436885254001735,0.14404107886001882,0.09661516268588247,0.20295624997691036,0.21516390662933602,0.10941296676908778
Tariffs,YM,1h,Return,0.08870809953888333,0.06353287764488899,0.08366529566117686,0.18296357865497917,0.1062963883174299,0.21664759756760163,0.17267391889515046,0.08551224371988964
Tariffs,YM,1d,Return,0.021618027713470253,0.011008448598798676,0.013223864494149853,0.4433979698225421,0.13392119056156476,0.2604790898188047,0.10614539222757999,0.010206016763089666
Tariffs,ZN,5m,Return,0.1347364354033533,0.055871478944120624,0.08556406327232452,0.14068316142245385,0.052016594342167106,0.18923946714305143,0.1759203588860024,0.16596844058652682
Tariffs,ZN,15m,Return,0.15516948521228327,0.05373256426747022,0.098586616136986,0.13672575943514867,0.06465115352503908,0.17073095983701134,0.14655354730939008,0.17384991427667149
Tariffs,ZN,30m,Return,0.10237738782655012,0.05481908843627885,0.0825190741336439,0.14264420845247097,0.0781634428850443,0.28335051726643445,0.15123571012811507,0.10489057087146232
Tariffs,ZN,1h,Return,0.05480744211496853,0.13888454922199117,0.06435911935132023,0.09074576433964278,0.17421228807047764,0.1404347368473812,0.20114889870289285,0.13540720135132564
Tariffs,ZN,1d,Return,0.08147828729530128,0.045097743210332615,0.05134884054079973,0.19399801784571244,0.19828459594389394,0.1454574037446259,0.19437148298442522,0.08996362843490875
Tariffs,I_NDX,5m,Return,0.10899336761239557,0.057600969702082665,0.060380641508438714,0.1235826130023106,0.1047102732523229,0.243481276098539,0.23250970464628182,0.06874115417762874
Tariffs,I_NDX,15m,Return,0.07899277542855991,0.07245770391048544,0.0628411043049504,0.1600667439846943,0.10185817456714931,0.17561487384643684,0.21243068314162944,0.1357379408160944
Tariffs,I_NDX,30m,Return,0.13061579968029244,0.05232555806899888,0.06009805239133128,0.21289836978652008,0.04900574934194343,0.2976121973566997,0.12868233601644,0.06876193735777429
Tariffs,I_NDX,1h,Return,0.06564212547579457,0.05107579611454319,0.031390546704969206,0.16216575017210466,0.17983377838516726,0.29419197250943074,0.1709901632226747,0.044709867415315664
Tariffs,I_NDX,1d,Return,0.023465421171242187,0.013664609533003837,0.019223449027493768,0.2377414556462754,0.037870436498616274,0.5179873764187408,0.12406339578303535,0.025983855921592372
Tariffs,X_BTCUSD,5m,Vol,0.09673671842114182,0.06647100751963979,0.03735425087364427,0.25266341989977603,0.07232221442359726,0.28111955633614366,0.09148830869921142,0.10184452382684579
Tariffs,X_BTCUSD,15m,Vol,0.05950471252706877,0.06685486494316727,0.05537468358595607,0.15775521490016722,0.07253006862430603,0.26867023873434015,0.11273763538188782,0.20657258130310682
Tariffs,X_BTCUSD,30m,Vol,0.07770986434425323,0.08005463918791136,0.086711845997917,0.09814558360744872,0.1362323712014191,0.2866312924962444,0.0854812805627537,0.14903312260205254
Tariffs,X_BTCUSD,1h,Vol,0.06674178190813909,0.06021898262840301,0.10068541185649359,0.0950796941650264,0.180075488766545,0.22325414943334393,0.1223782478615984,0.1515662433804506
Tariffs,X_BTCUSD,1d,Vol,0.10091909624215954,0.051587366864257286,0.0435070792524969,0.08168580685204573,0.3122338893813956,0.13723607491308132,0.1973430162074591,0.07548767028710454
Tariffs,CL,5m,Vol,0.10717808105821457,0.07812673830654636,0.10315210821790152,0.12942049163416616,0.05612891037031771,0.13078528059140956,0.20807515021946363,0.1871332396019805
Tariffs,CL,15m,Vol,0.08841520866087264,0.09053419181840502,0.074333922246562,0.1371827271467314,0.07121493490646705,0.11175166623838236,0.21480114163493516,0.21176620734764434
Tariffs,CL,30m,Vol,0.07774801930322775,0.078706520496349,0.08087007156997648,0.10377567094990219,0.0808327677155671,0.09693358048720825,0.2693743975465431,0.21175897193122625
Tariffs,CL,1h,Vol,0.10285182197592771,0.06088956399343625,0.10526914308905402,0.1426942582303742,0.08010396549307901,0.13338031986304696,0.2321641235435716,0.14264680381151035
Tariffs,CL,1d,Vol,0.04878635626431154,0.07292780919724326,0.0380029724863584,0.1265497348276508,0.28232992987133226,0.13238608706939403,0.21324423695963765,0.08577287332407213
Tariffs,ES,5m,Vol,0.06894673943906787,0.04213733964392908,0.04969444258207292,0.06704736191474964,0.09407587397985095,0.0780039653386793,0.45904747552587805,0.14104680157577226
Tariffs,ES,15m,Vol,0.03599419089389732,0.0498298596526587,0.06048832482345829,0.053852192550825094,0.08686985653720392,0.06960228756969422,0.5395834317072462,0.10377985626501612
Tariffs,ES,30m,Vol,0.04710538431690492,0.04872919311499133,0.03230969762120594,0.03456521194121283,0.15245630296509055,0.035024734507311875,0.5712931688583832,0.07851630667489941
Tariffs,ES,1h,Vol,0.029811507177432185,0.0453912719265932,0.03608284487134705,0.041354751210827025,0.18850916453421285,0.027932831829676975,0.5722379763765431,0.05867965207336766
Tariffs,ES,1d,Vol,0.0015682928320371193,0.001429255121046244,0.0009439907053790076,0.0686264077387488,0.5259714199170271,0.004192759985000437,0.3956050925748132,0.001662781125948074
Tariffs,YM,5m,Vol,0.06135211512620921,0.0592235812122893,0.06593581651316087,0.11559154825950761,0.17743755069412176,0.08500668836438086,0.30574394664160226,0.12970875318872827
Tariffs,YM,15m,Vol,0.03848792368664087,0.06451687219995243,0.04867250190019203,0.06836546369923335,0.10216913166804546,0.062108198155283637,0.5003259120021046,0.11535399668854766
Tariffs,YM,30m,Vol,0.05218657209271118,0.05825522798443,0.03205190178761671,0.04403394852056307,0.16917085218605893,0.04477054040365179,0.5168521638622536,0.08267879316271465
Tariffs,YM,1h,Vol,0.05052261423596049,0.04428716372932748,0.029275292142079322,0.037717192918889385,0.18605637172523792,0.039870197911079666,0.5425377754483489,0.06973339188907686
Tariffs,YM,1d,Vol,0.003703687133297183,0.0013506851327933177,0.002077564050331913,0.09160239499091712,0.5292048583087647,0.00454141827985566,0.36352929575108156,0.00399009635295854
Tariffs,ZN,5m,Vol,0.1788426022324106,0.0736608821035394,0.08209797138395093,0.11697251817665988,0.09542280908843766,0.13569264514991303,0.19102604462825779,0.12628452723683067
Tariffs,ZN,15m,Vol,0.13064360319580012,0.05353495393509372,0.08617730503796686,0.1129993751186246,0.052629174949237044,0.164733012001726,0.304336267318774,0.0949463084427777
Tariffs,ZN,30m,Vol,0.23963617084595662,0.06005950957569529,0.06692896094435874,0.10865581892439004,0.04436062076658643,0.14602090284003183,0.2514346030990462,0.08290341300393493
Tariffs,ZN,1h,Vol,0.35526825176632887,0.044626863467241554,0.023765325830553605,0.08244797369390192,0.08057905440756334,0.1502951534143987,0.14734744947541775,0.11566992794459435
Tariffs,ZN,1d,Vol,0.3480280319538264,0.04035453124533787,0.03951313175483357,0.1417431771874788,0.028903167281905364,0.1918316664525714,0.05877520917852594,0.1508510849455206
Tariffs,I_NDX,5m,Vol,0.08517387128884855,0.03545992652285302,0.04017599635885638,0.045675935953076625,0.2618427985940994,0.04828806559140095,0.4251113351431024,0.058272070547762705
Tariffs,I_NDX,15m,Vol,0.029080439852815564,0.019985703807307163,0.021835818634071677,0.030739117802755404,0.21529117091672148,0.0469901294932026,0.6125861763461113,0.023491443147014766
Tariffs,I_NDX,30m,Vol,0.024249360128547198,0.018167588694024166,0.0255049645205347,0.029114482712811904,0.26949627232650536,0.05432517143196411,0.559578539889716,0.019563620295896637
Tariffs,I_NDX,1h,Vol,0.033402671076791374,0.027646239938547368,0.021808757267273778,0.03674491791888521,0.31176330844472727,0.048099067884147625,0.48663211607358386,0.03390292139604356
Tariffs,I_NDX,1d,Vol,0.013181569263954508,0.00846934508046738,0.017064792922014366,0.08565808024333411,0.09916596548768651,0.10748931703222206,0.6415299312859161,0.027440998684405093
Tariffs,X_BTCUSD,5m,Beta,0.11595055766390773,0.09281731167889996,0.07053630937048685,0.15558767933571463,0.03978053549298797,0.1591487500239033,0.12360314660400677,0.24257570983009283
Tariffs,X_BTCUSD,15m,Beta,0.14630705608365138,0.09747736448287292,0.10233619103201659,0.10845679181448238,0.04200103438542363,0.11397216732433835,0.10404377471558003,0.2854056201616347
Tariffs,X_BTCUSD,30m,Beta,0.09720532796281961,0.15998372367957298,0.09241949714639715,0.15887450235437306,0.04866921165241011,0.16134919635121034,0.10200693614412933,0.17949160470908734
Tariffs,X_BTCUSD,1h,Beta,0.15210319156750762,0.04131893151433234,0.08881946239655977,0.1768705352601138,0.030987682306999637,0.2793579630934021,0.09556090083848293,0.13498133302260196
Tariffs,X_BTCUSD,1d,Beta,0.13024318031310894,0.04938348327378552,0.08599831170825625,0.11398870083855717,0.10370012139165886,0.13971569286098826,0.2848226874774945,0.09214782213615047
Tariffs,CL,5m,Beta,0.1959976176243892,0.09186198148305107,0.13253507643257995,0.1245497919619197,0.040310602573744206,0.11502743894722542,0.08533496195396488,0.21438252902312555
Tariffs,CL,15m,Beta,0.15031570221789065,0.08352275430856756,0.07727976428254775,0.1356168131453337,0.11267845727287201,0.1507823143573786,0.1221811837152568,0.16762301070015287
Tariffs,CL,30m,Beta,0.1349982940327444,0.08977264496069706,0.08992921275404088,0.12343285035736072,0.10447148311288573,0.09577230640404964,0.1937843839410903,0.16783882443713127
Tariffs,CL,1h,Beta,0.15171631194265556,0.03864168020346484,0.09651791293301049,0.15603838798830286,0.07328166311928103,0.14120135780870915,0.22314668014603004,0.11945600585854597
Tariffs,CL,1d,Beta,0.07160206016171908,0.07803959566328235,0.0636301249366768,0.08008638471654018,0.09627740900896058,0.06483036196177075,0.4047415798308182,0.1407924837202321
Tariffs,ES,5m,Beta,0.0,0.0,0.0,0.0,0.0,0.0,0.0,0.0
Tariffs,ES,15m,Beta,0.0,0.0,0.0,0.0,0.0,0.0,0.0,0.0
Tariffs,ES,30m,Beta,0.0,0.0,0.0,0.0,0.0,0.0,0.0,0.0
Tariffs,ES,1h,Beta,0.0,0.0,0.0,0.0,0.0,0.0,0.0,0.0
Tariffs,ES,1d,Beta,0.0,0.0,0.0,0.0,0.0,0.0,0.0,0.0
Tariffs,YM,5m,Beta,0.16868848016296079,0.0922194750559569,0.08534068230982222,0.1743321760690023,0.03664994095957143,0.10917402493147808,0.14454442990715013,0.1890507906040582
Tariffs,YM,15m,Beta,0.134066565759561,0.07368943687316426,0.11574627679488202,0.15916956617301348,0.052985856097031006,0.11338802521326599,0.16674393581160604,0.1842103372774763
Tariffs,YM,30m,Beta,0.1325390131836358,0.14601136759408184,0.21214956618072192,0.08273555700994811,0.040972408292986005,0.09126596632954369,0.13033218282274966,0.16399393858633304
Tariffs,YM,1h,Beta,0.1063154528763112,0.1678064371797851,0.10131396340225444,0.13510741943406332,0.057331070334404315,0.17582489450064578,0.14711339998362255,0.10918736228891335
Tariffs,YM,1d,Beta,0.09911769127976222,0.049860340386342315,0.0974185502468894,0.183879786129987,0.08437114247471776,0.21073296966584457,0.10505713986327939,0.1695623799531773
Tariffs,ZN,5m,Beta,0.16611069407442508,0.08489406429596004,0.05531403568606104,0.1101467268298138,0.054189936024036156,0.16054478560186936,0.22329608792775918,0.14550366956007532
Tariffs,ZN,15m,Beta,0.08266005792263353,0.10107522662311698,0.10895402144801228,0.08654342871582761,0.04978424609008751,0.10395135638900761,0.20443515076896482,0.2625965120423497
Tariffs,ZN,30m,Beta,0.0958154733781373,0.09059772369850166,0.07490942313917934,0.09758433819360589,0.0737582257134962,0.13812016756501644,0.2902194089857042,0.13899523932635907
Tariffs,ZN,1h,Beta,0.09959131110681657,0.06564851551307585,0.10170178399840861,0.10373528098493176,0.0759549555874776,0.14806051921710334,0.28483308868909574,0.12047454490309056
Tariffs,ZN,1d,Beta,0.05666492798982681,0.05153753495904432,0.0717539392571336,0.153258274946623,0.08579629809752692,0.2145410793953368,0.29519998472882675,0.07124796062568177
Tariffs,I_NDX,5m,Beta,0.20395596799247576,0.09574609327969959,0.0918292831206497,0.11678573398540809,0.054764935736531684,0.14372690517475842,0.12845818614057475,0.16473289456990203
Tariffs,I_NDX,15m,Beta,0.1852079885599026,0.08299288150685387,0.08630146596205288,0.1411079087290308,0.05219399523908076,0.10136243437874612,0.18953591491287686,0.1612974107114561
Tariffs,I_NDX,30m,Beta,0.19357879837533853,0.07807807687958775,0.0951935613694148,0.16656170805822568,0.043350553334940235,0.13036675124736702,0.1750646733803792,0.11780587735474687
Tariffs,I_NDX,1h,Beta,0.1586481309244841,0.06574429546913617,0.11198406594874018,0.1519702554522245,0.08587249724631357,0.11770040779778801,0.21491855949621735,0.09316178766509621
Tariffs,I_NDX,1d,Beta,0.1309423086225369,0.07071464194996192,0.07854823879742782,0.11358247420618947,0.0799524278883871,0.20801434648378886,0.20284323629712833,0.1154023257545796
Technology,X_BTCUSD,5m,Return,0.21996903758477204,0.0810619148262514,0.07407128059636894,0.16251871722105582,0.06691449144810363,0.1605295692214645,0.07869305747279588,0.1562419316291877
Technology,X_BTCUSD,15m,Return,0.36171189698455397,0.08955367051754018,0.0752248406878674,0.07074823076441751,0.08123126878908599,0.14775642024858124,0.07489007385098485,0.09888359815696894
Technology,X_BTCUSD,30m,Return,0.3385429251154147,0.04236298967244311,0.07072367781860349,0.0380978434096743,0.3039920273014334,0.04861781982120295,0.06743267323787762,0.09023004362335063
Technology,X_BTCUSD,1h,Return,0.15412834060055552,0.0724558335337433,0.08194437149679827,0.06685334645635121,0.2669762771033187,0.05376417160006027,0.13359591959958297,0.17028173960958967
Technology,X_BTCUSD,1d,Return,0.11935358305131556,0.15066455979523158,0.09583857984555345,0.1211873954425788,0.13384003574206937,0.17252927922082353,0.0664257061239653,0.1401608607784624
Technology,CL,5m,Return,0.16307281510641536,0.09972029016934869,0.08998858138904224,0.15102363761287943,0.026612531213312394,0.1903648628640917,0.08846683188778297,0.19075044975712716
Technology,CL,15m,Return,0.10040473520344287,0.09312901973534346,0.095188809175833,0.11528562791246147,0.0450556816461026,0.19943481789369838,0.07702220823683416,0.27447910019628413
Technology,CL,30m,Return,0.18839688065701896,0.06562042061249569,0.10594651451768183,0.17727853163954832,0.06787318214026113,0.2231423953844301,0.0643803593663866,0.10736171568217731
Technology,CL,1h,Return,0.17187155860946043,0.07597183285408642,0.15494266403788004,0.1160635271880664,0.055039503853640925,0.1424242358673115,0.08442529400572836,0.19926138358382592
Technology,CL,1d,Return,0.05834533971772633,0.06751339563185331,0.039961988903175434,0.2184350489223202,0.037144500437146066,0.3781052095773632,0.12079948610213535,0.07969503070828003
Technology,ES,5m,Return,0.1780672786422337,0.07267304078672529,0.07464155614460448,0.09843199796020781,0.04314641251252581,0.13560037444452985,0.21582785111864436,0.18161148839052876
Technology,ES,15m,Return,0.24518973108780762,0.0815086026187688,0.05458354370157772,0.08330754240987694,0.047831378423354456,0.18375025983176232,0.13073800951985762,0.17309093240699458
Technology,ES,30m,Return,0.31662141375381103,0.04600696574830237,0.06905322646067912,0.0832671988770593,0.16059793439032252,0.07143361054158767,0.08420352439447411,0.16881612583376387
Technology,ES,1h,Return,0.11775439941832873,0.08513343122615263,0.06205497209194945,0.06023678765130421,0.20928130335403433,0.06534691765862026,0.31763678936434797,0.08255539923526238
Technology,ES,1d,Return,0.021151255954629092,0.009826914426274168,0.011808589525858166,0.8289777906657203,0.007731383609547885,0.10078533544468007,0.0060730058122151894,0.013645724561075252
Technology,YM,5m,Return,0.2275717859100183,0.06410597117371852,0.09021186961739235,0.08195380952261462,0.04414598415663717,0.08873521071806996,0.20913901502630178,0.19413635387524725
Technology,YM,15m,Return,0.3650834110224169,0.09846320962046068,0.04410031504952556,0.08136010641071408,0.04141172772147344,0.08746227116569544,0.10176600630136586,0.180352952708348
Technology,YM,30m,Return,0.2654322037475713,0.0353702944497289,0.040750944222240716,0.0655266499978836,0.17553891310058475,0.09100918913633023,0.10242967371562743,0.22394213163003301
Technology,YM,1h,Return,0.13093544801295012,0.07866752195961871,0.05248302217897259,0.050541002099457506,0.1888968723602015,0.0530129285391962,0.353073371224647,0.09238983362495638
Technology,YM,1d,Return,0.049315974323989285,0.038572423361002466,0.0379140020773757,0.6219634309103789,0.012725041423707001,0.15059485519983304,0.017469645291224908,0.07144462741248872
Technology,ZN,5m,Return,0.1308207022631058,0.048386114741581304,0.11130133665943,0.10738973156978585,0.06629831158450383,0.11816859967820902,0.2951223514407532,0.12251285206263095
Technology,ZN,15m,Return,0.07320037575510706,0.21941133194832302,0.05722484400702205,0.08177015872728077,0.06125095850838372,0.09319338112586971,0.26916523176182616,0.14478371816618743
Technology,ZN,30m,Return,0.11279122358453442,0.10741201316902542,0.0580160168305439,0.06834444510820155,0.16290037719026387,0.1120737584637321,0.22076507320250868,0.15769709245119015
Technology,ZN,1h,Return,0.14149324728921917,0.08619009010723312,0.09209903412805312,0.2122461780317647,0.06527370857314624,0.21012527939003683,0.07130897944930234,0.12126348303124454
Technology,ZN,1d,Return,0.10788030197482237,0.053810082575903403,0.06800895553509674,0.09390862262210992,0.0717662699661333,0.3365856685385349,0.16422886937704434,0.10381122941035498
Technology,I_NDX,5m,Return,0.08189258646275879,0.0757295867904957,0.06508643395794358,0.07258218072164553,0.034352853258782054,0.059764250846947524,0.3525405982689167,0.25805150969251006
Technology,I_NDX,15m,Return,0.09272389578315385,0.06613231181050289,0.2510288622842977,0.0686289198524631,0.06251182505638286,0.11420568756219766,0.1761128076595479,0.16865568999145408
Technology,I_NDX,30m,Return,0.08356276880621241,0.11168098857402307,0.21025775627154458,0.09698568680055411,0.0665706571896759,0.12822746693255466,0.15977250523681374,0.14294217018862151
Technology,I_NDX,1h,Return,0.06917009073157693,0.05802701077647802,0.08581674298958336,0.1490347141589579,0.10297680668664358,0.2506078275414024,0.10629901335272286,0.17806779376263493
Technology,I_NDX,1d,Return,0.07677396036772552,0.06236383648963095,0.04323856142884281,0.20314629724496694,0.036750523776716455,0.3934927524998784,0.08209180503131015,0.10214226316092881
Technology,X_BTCUSD,5m,Vol,0.09864278926529718,0.06153378700439238,0.0865400865254219,0.11315243195639972,0.3842040244178074,0.06842519517199937,0.09024025833435045,0.0972614273243316
Technology,X_BTCUSD,15m,Vol,0.07670017361715423,0.06774244948192723,0.2099750449904649,0.1160546356520559,0.1485002915068679,0.14233851624449692,0.1283815824447046,0.11030730606232841
Technology,X_BTCUSD,30m,Vol,0.05569183400652667,0.08765507333265808,0.17608044146035867,0.1400275808012371,0.21899381330087353,0.12980287237230848,0.10021929517900488,0.09152908954703258
Technology,X_BTCUSD,1h,Vol,0.08014582380577837,0.08361721593466936,0.15794401780746808,0.12543362998666324,0.18317045872035775,0.11382046468819619,0.1636680821792017,0.09220030687766538
Technology,X_BTCUSD,1d,Vol,0.09847345649094905,0.05918770373399977,0.0653831636319187,0.19638119397644999,0.09072131963976914,0.19203369486858698,0.17391670570738757,0.12390276195093886
Technology,CL,5m,Vol,0.288327373721845,0.10423612831657948,0.10493984074884843,0.09328452957901465,0.02831503006220125,0.07511505721549168,0.11051043351933298,0.19527160683668654
Technology,CL,15m,Vol,0.0962955714537299,0.047181003886340465,0.15523981391540262,0.11122834900181858,0.20193880969867192,0.059035025225651114,0.1611819999620415,0.1678994268563438
Technology,CL,30m,Vol,0.1799608087385907,0.039217852623499055,0.2898127299847605,0.14386287900288364,0.0328317082611382,0.11196482254191192,0.07699568720173507,0.12535351164548092
Technology,CL,1h,Vol,0.3258217908360664,0.05552295191027368,0.20533850246715796,0.09036357729473862,0.057620243869191484,0.06983081843861293,0.06417098771893492,0.13133112746502404
Technology,CL,1d,Vol,0.1425107130020001,0.17142482772750206,0.06364096386881707,0.08515816192583828,0.05517334781109509,0.05911499871358139,0.06470288818334523,0.35827409876782085
Technology,ES,5m,Vol,0.08415837877067879,0.1892562001965072,0.059608288384811206,0.0782638203924486,0.217928628345431,0.0752931212575087,0.22739935205815268,0.06809221059446183
Technology,ES,15m,Vol,0.06747495317910122,0.1201689950853161,0.05256558381719982,0.0807905339691157,0.24719563234722267,0.06333765993926219,0.27786408870043994,0.09060255296234233
Technology,ES,30m,Vol,0.09289538403115799,0.14353784126494476,0.045942225104459736,0.07053229758713693,0.22111790746739324,0.0660843515631238,0.2682239073403096,0.09166608564147394
Technology,ES,1h,Vol,0.07176706386063253,0.1444509349662434,0.028417415917602527,0.08053669384861208,0.23152948942375737,0.08907168623900633,0.3212849544969815,0.03294176124716426
Technology,ES,1d,Vol,0.007311712807146572,0.004155027994122924,0.006374309346419577,0.003081328423818767,0.33266467368398916,0.003997644737585323,0.6400194350120703,0.0023958679948473914
Technology,YM,5m,Vol,0.07696975082299085,0.11957053735745196,0.06573995985535135,0.14371422653482394,0.14211982489358008,0.12084206277570203,0.20339148262608536,0.12765215513401454
Technology,YM,15m,Vol,0.052751859372966316,0.27415311107769996,0.08599749490514247,0.0776280285687938,0.08825164540410145,0.08098641326050131,0.20750849188958143,0.13272295552121316
Technology,YM,30m,Vol,0.08056648058275044,0.33817071050454833,0.047099953205471314,0.053104201187681645,0.06784539685298015,0.09617483585049008,0.20222570652053737,0.11481271529554063
Technology,YM,1h,Vol,0.077445587521639,0.28979443982141195,0.046734209913604136,0.061915633558641055,0.1556462978849277,0.09092410155517903,0.20449495406399187,0.07304477568060525
Technology,YM,1d,Vol,0.10735987842368883,0.04773507069393494,0.04375218712966975,0.04401918746566537,0.11550277372922929,0.03629609477643783,0.5471196257522872,0.05821518202908685
Technology,ZN,5m,Vol,0.23055211428715913,0.13653109747335546,0.13581832433799917,0.14293886810627823,0.042272129820984036,0.11288309293930017,0.09394020846538317,0.1050641645695407
Technology,ZN,15m,Vol,0.24213036728445317,0.11031597096802778,0.04447182458878556,0.1279991932801965,0.21495084384404564,0.04860617034835428,0.1572449145171378,0.0542807151689992
Technology,ZN,30m,Vol,0.29575813975225035,0.16089211106650875,0.0626572859076096,0.10242225368716609,0.03655061122181398,0.15685056534711603,0.09741716673859,0.08745186627894518
Technology,ZN,1h,Vol,0.3221470181512837,0.0558456837019884,0.0996696897971166,0.11187024187790709,0.05712960927825206,0.12083264522148053,0.14606545763598208,0.08643965433598971
Technology,ZN,1d,Vol,0.261532162885971,0.103167918951991,0.0840603427330704,0.16658626631151055,0.0375214305463014,0.1614614955166792,0.08240602738156483,0.10326435567291165
Technology,I_NDX,5m,Vol,0.074052125415883,0.05191304721608485,0.05774123347437644,0.11978289067429194,0.17660811398549953,0.08051826126903831,0.36835976639407386,0.07102456157075199
Technology,I_NDX,15m,Vol,0.05982407236652575,0.0337239512031961,0.08260143350396364,0.08165046215387571,0.10656505342113325,0.0675281113338331,0.5095411006657822,0.05856581535169029
Technology,I_NDX,30m,Vol,0.04261118083240864,0.032391583931303175,0.04285761163172605,0.06205683965749533,0.08094774645308313,0.03718563247944287,0.6736062580059436,0.028343147008597174
Technology,I_NDX,1h,Vol,0.04032770803751126,0.022057959206538552,0.056483906212245805,0.03559340759561119,0.1799758318997372,0.03785953248438387,0.5894022709121854,0.03829938365178678
Technology,I_NDX,1d,Vol,0.03297832638455789,0.023968153115076534,0.0307057363494702,0.05248684682511577,0.284985888597918,0.10157076207119477,0.4103989722615682,0.06290531439509846
Technology,X_BTCUSD,5m,Beta,0.08909013499900975,0.06520557941821484,0.09945571195375454,0.33333918869416557,0.05672641245965479,0.16747041360995407,0.02400902092740349,0.164703537937843
Technology,X_BTCUSD,15m,Beta,0.09696422225083069,0.06584395303939662,0.5026454505251419,0.035470184809858814,0.02832273342835054,0.10567212360592357,0.06854022567281769,0.09654110666768008
Technology,X_BTCUSD,30m,Beta,0.12779535948338958,0.06903079515447912,0.1419961880592328,0.15204165935369376,0.03223770390565755,0.27620905130939666,0.09440338879511934,0.10628585393903126
Technology,X_BTCUSD,1h,Beta,0.19598160621849228,0.0865404412830691,0.24070960088475657,0.060978491369749144,0.018821514134592245,0.08919605344822092,0.03806032318382306,0.26971196947729664
Technology,X_BTCUSD,1d,Beta,0.252498353606412,0.047675762572679733,0.1496031725153875,0.20978386544998823,0.05002439712125182,0.11439364385178416,0.06380583434392886,0.1122149705385678
Technology,CL,5m,Beta,0.0500665834210954,0.3141869647548019,0.04850604902639081,0.16724949073820014,0.02212096859230848,0.10516207864485724,0.09516779842159546,0.19754006640075056
Technology,CL,15m,Beta,0.15991884133867804,0.07057771648123366,0.13594179414107677,0.06691756949509033,0.04350876257805318,0.08417810161214458,0.3351500344258904,0.10380717992783317
Technology,CL,30m,Beta,0.101338153023973,0.09268454434463592,0.09556581070124577,0.12399320288522309,0.03120830182997938,0.06974167525908449,0.3626945659854866,0.12277374597037168
Technology,CL,1h,Beta,0.1466113788410791,0.07262907501140253,0.09026172081090288,0.15097544633789295,0.05674345206605694,0.07864000589426126,0.3132644654191296,0.09087445561927457
Technology,CL,1d,Beta,0.0715175621660327,0.08225228860500516,0.04464880511385621,0.18736905846755383,0.061702765766289,0.10364137934358643,0.33323336361358913,0.11563477692408758
Technology,ES,5m,Beta,0.0,0.0,0.0,0.0,0.0,0.0,0.0,0.0
Technology,ES,15m,Beta,0.0,0.0,0.0,0.0,0.0,0.0,0.0,0.0
Technology,ES,30m,Beta,0.0,0.0,0.0,0.0,0.0,0.0,0.0,0.0
Technology,ES,1h,Beta,0.0,0.0,0.0,0.0,0.0,0.0,0.0,0.0
Technology,ES,1d,Beta,0.0,0.0,0.0,0.0,0.0,0.0,0.0,0.0
Technology,YM,5m,Beta,0.31264314137284094,0.04426312693471903,0.13924720791398532,0.1332564637152375,0.016857638806644128,0.08111076254650759,0.15349631826180232,0.11912534044826316
Technology,YM,15m,Beta,0.22681409176482836,0.049126839572186075,0.17086521474069238,0.1649494923716347,0.04496737722922782,0.10281381392776501,0.10210940981793484,0.1383537605757306
Technology,YM,30m,Beta,0.10709024525495656,0.195934905105171,0.14206820675136134,0.09857722009369928,0.051433529282240674,0.05463150653201035,0.18354157307477173,0.16672281390578905
Technology,YM,1h,Beta,0.10366401169755239,0.28252049464394813,0.15251440353744045,0.07577134724740546,0.029995990616228756,0.058768882666805265,0.19126842758994828,0.10549644200067135
Technology,YM,1d,Beta,0.12196045326005961,0.039611665927773654,0.2455931117244719,0.08548385179715356,0.06192714596913424,0.10848418173912196,0.1956346725645951,0.14130491701769007
Technology,ZN,5m,Beta,0.1473218260909447,0.07493765139170255,0.16461942522849704,0.11338257877540889,0.12163631269152471,0.09039618019325064,0.16925179731844292,0.1184542283102285
Technology,ZN,15m,Beta,0.069890006624059,0.043333528536719165,0.19598966810112628,0.1304869601493201,0.09987113815659418,0.21964403943705166,0.14091597284147084,0.0998686861536589
Technology,ZN,30m,Beta,0.2361921172060623,0.06694321717564522,0.09235527210423301,0.07058986106674256,0.08233465220573491,0.09872756948492203,0.13980320086629666,0.21305410989036327
Technology,ZN,1h,Beta,0.17074070658746682,0.09210549674124491,0.05062992219067847,0.09918785402136282,0.07841341101497282,0.07273044267572369,0.2545940571996906,0.18159810956885974
Technology,ZN,1d,Beta,0.11388985168143889,0.0352335090117648,0.0624615650944499,0.0638318251101369,0.05349714536679726,0.2758113461229091,0.17670783542509938,0.2185669221874038
Technology,I_NDX,5m,Beta,0.09919908103849984,0.04089378264408424,0.04879980875723514,0.08149359531185861,0.32872527900090215,0.06954313374035508,0.23376629165062188,0.09757902785644311
Technology,I_NDX,15m,Beta,0.18242077680924434,0.03748707689128079,0.07915345673452168,0.08167919034795576,0.21718233391457073,0.1243732217100426,0.15644864287928237,0.12125530071310182
Technology,I_NDX,30m,Beta,0.09699460357846139,0.06567122259051597,0.1513710849921773,0.12335631483199187,0.2084211021392607,0.06522719052091644,0.18624041600583938,0.10271806534083697
Technology,I_NDX,1h,Beta,0.21885073303893332,0.0480654815886033,0.1264130643582494,0.11058352713106345,0.09722521362185395,0.11254023933553402,0.16401365607125476,0.12230808485450778
Technology,I_NDX,1d,Beta,0.20872288881832093,0.07754155203227496,0.14820362561903241,0.11800438993709267,0.09803371310102248,0.07719621421112262,0.1630575224539643,0.10924009382716965
